:020000040800F2
:10000000F01A01203D020008AF410008A72E0008A9
:10001000AD410008890B0008A54F00080000000052
:10002000000000000000000000000000694500081A
:10003000ED0D000800000000B1410008DD4A000895
:10004000570200085702000857020008570200082C
:10005000570200085702000857020008570200081C
:10006000570200085702000857020008570200080C
:1000700057020008570200085702000857020008FC
:10008000E50C000857020008570200085702000854
:1000900057020008570200085702000857020008DC
:1000A00057020008570200085702000857020008CC
:1000B00057020008570200085702000857020008BC
:1000C00057020008570200085702000857020008AC
:1000D000570200088D4F0008994F0008570200088A
:1000E000570200085702000857020008570200088C
:1000F000570200085702000857020008570200087C
:10010000570200085702000857020008570200086B
:10011000570200085702000857020008570200085B
:10012000F10C0008570200085702000857020008A7
:10013000570200085702000857020008570200083B
:10014000570200085702000857020008570200082B
:10015000570200085702000857020008570200081B
:10016000570200085702000857020008570200080B
:10017000570200085702000857020008000000005C
:10018000570200085702000800F002F800F047F894
:100190000AA090E8000C82448344AAF10107DA45E2
:1001A00001D100F03CF8AFF2090EBAE80F0013F0ED
:1001B000010F18BFFB1A43F001031847FC8E000023
:1001C0001C8F0000103A24BF78C878C1FAD85207B3
:1001D00024BF30C830C144BF04680C6070470000C1
:1001E0000023002400250026103A28BF78C1FBD840
:1001F000520728BF30C148BF0B607047752900F017
:100200001F81782900F05881732900F05C83002059
:1002100070471FB508F0CDFB1FBD10B510BD00F035
:100220005FFB1146FFF7F5FF06F0F6FE00F07DFBE1
:1002300003B4FFF7F2FF03BC00F080FB09488047DE
:1002400009480047FEE7FEE7FEE7FEE7FEE7FEE7B8
:10025000FEE7FEE7FEE7FEE704480549054A064BD0
:1002600070470000714B000889010008F008012068
:10027000F01A0120F00A0120F00A012053EA020CD2
:1002800000F069802DE9F04B4FF00006002B1FBFF6
:10029000B3FA83F503FA05F424FA05F65E4012BFBB
:1002A0001643B2FA82F502FA05F4C5F120051EBF25
:1002B00022FA05FC44EA0C04203556EA044C4FEAC5
:1002C000144418BF641C4FF000084FF0000990421E
:1002D00071EB030C39D3002919BFB1FA81F701FA88
:1002E00007F6B0FA80F700FA07F6C7F120071EBF3D
:1002F00020FA07FC46EA0C062037B6FBF4FCA7EB15
:100300000507103F07F01F0BCBF120060CFA0BFB83
:100310002CFA06F644BFB3460026202FA4BF5E4643
:100320004FF0000B5BEA060C08BF4FF0010B19EB16
:100330000B09ABFB027C48EB0608C01B06FB02CC9A
:100340000BFB03CC71EB0C01C1E70B4602464146A7
:100350004846BDE8F08B13B54FF000004FF00001A8
:10036000AFF30080BDE81C40704700000FB41CB51F
:100370000C0007AA009001D02044401E074B7B448C
:1003800069460190069800F06CFA002C03D069468B
:10039000002000F079FA1CBC5DF814FB1105000088
:1003A00070B5044685690068C10601D5302600E0B5
:1003B0002026C00707D070BDD4E901213046904700
:1003C000206A401C20626D1EF6D570BD70B50446D3
:1003D00085690078C00707D170BDD4E901212020CC
:1003E0009047206A401C20626D1EF6D570BD70B526
:1003F0000C460546012A05D02878800600D5EA6912
:10040000002302E0012305E05B1C934202D2E05C82
:100410000028F9D1A869E618C01AA861286A18440A
:1004200028622846FFF7BCFF04E0D5E9012114F853
:10043000010B9047B442F8D32846FFF7C7FF70BDC1
:100440002DE9F0410646002410687529314616A5AD
:1004500010D0AFF30080002802DA404213A507E075
:1004600031688A0701D512A502E0490704D511A514
:10047000012401E0AFF3008000210A2206F12407E5
:1004800009E0B0FBF2FCB0FBF2F302FB1C003030E1
:1004900078541846491C0028F3D123462A46304692
:1004A000BDE8F04100F07EB9000000002D00000022
:1004B0002B0000002000000070B504460D462146C8
:1004C0001068AFF300802188090502D50F4A7A44ED
:1004D00002E00E4A7A440E32002104F1240305E0C2
:1004E00000F00F060009965D5E54491C0028F7D104
:1004F00020780023000704D5702D02D009B1022313
:1005000011322046BDE8704000F04CB9A6890000C9
:100510002DE9F05F894604464FF0000ADFF874B118
:10052000FB44C0F820A02046E1688847002874D02A
:10053000252806D0D4E901219047206A401C20627A
:10054000F1E700265F462046E168884720280546F7
:1005500007DB312D05D2781910F8200C08B10643BD
:10056000F1E7B00701D526F00406C4F81CA0002767
:10057000C4F818A02A2D09D0284606F031F838B35F
:1005800004EB8708303DC8F8185019E059F8041BEF
:10059000204604EB87029161E1688847012F0546F8
:1005A00018D1E069002820DA26F020061DE0D8F8EE
:1005B000180000EB800005EB40003038C8F8180048
:1005C0002046E1688847054606F00AF80028EED183
:1005D000012F0AD02E2D08D12046E16888477F1CC4
:1005E0000546022F46F02006C4DBA069002803DA86
:1005F000404246F00106A061F00701D026F0100647
:100600006C2D0BD0682D09D04C2D39D06A2D35D0EA
:10061000742D35D07A2D33D016E038E0E1682F46BE
:1006200020468847B842054609D16C2F26D04FF4A2
:100630008060E168064320468847054604E06C2F49
:100640001AD04FF4807006430DB3A5F1410019286C
:1006500002D8203546F400664A46294620462660E0
:100660004E46FFF7CBFD80B101280BD0F61D26F0DA
:10067000070000F1080956E74020E4E78020D8E7AA
:100680000020D6E706F104094DE7284652E7206A24
:10069000BDE8F09F7C89000010B5431C02E010F813
:1006A000011B71B18107FAD14FF0013202C88C1AD7
:1006B0008C4314EAC211F9D0C01A0A0603D0C01E36
:1006C00010BDC01A10BD0A0401D0801E10BD090261
:1006D000FCD0401E10BD10B5203AC0F00B80B1E830
:1006E0001850203AA0E81850B1E81850A0E8185067
:1006F000BFF4F5AF5FEA027C24BFB1E81850A0E870
:10070000185044BF18C918C0BDE810405FEA827C89
:1007100024BF51F8043B40F8043B08BF7047D207A0
:1007200028BF31F8023B48BF11F8012B28BF20F841
:10073000023B48BF00F8012B70474FF0000200B5A4
:10074000134694469646203922BFA0E80C50A0E8F4
:100750000C50B1F12001BFF4F7AF090728BFA0E8A2
:100760000C5048BF0CC05DF804EB890028BF40F86E
:10077000042B08BF704748BF20F8022B11F0804FB0
:1007800018BF00F8012B704770477047704710B5CD
:1007900000F09EF8006810BD10B5044600F098F80F
:1007A000046010BD2DE9F0470D4699469246044677
:1007B00000F124080168880604D5E06921F01001E1
:1007C000216000E00120A84201DD471B00E0002776
:1007D000A1697A1902EB0900081AA0612078C00605
:1007E00002D42046FFF7DCFD002608E0D4E9012111
:1007F0001AF806009047206A401C761C20624E457D
:10080000F4DB2078C0060AD52046FFF7C9FD06E0D4
:10081000D4E9012130209047206A401C2062381E14
:10082000A7F10107F4DC07E0D4E9012118F805007D
:100830009047206A401C2062281EA5F10105F3DCC8
:100840002046FFF7C3FD2078000602D50220BDE850
:10085000F0870120FBE7000001694A1C026108786B
:10086000704700B58FB0CDE90131002105910549F0
:100870007944CDE9031011466846FFF749FE0FB0F1
:1008800000BD0000E5FFFFFF0A6802F8010B0A60E7
:100890007047D1E900239A4202D2531C0B601070BA
:1008A000704710B5436913B1AFF3008001E0FFF763
:1008B0009EFD012010BD127800F124010A70002273
:1008C0004A700122EDE711684FF0FF32E9E70000BE
:1008D000004870478C080120004870478C080120B0
:1008E0007546FFF7F9FFAE4605006946534620F00E
:1008F0000700854618B020B5FFF7AEFCBDE82040E4
:100900004FF000064FF000074FF000084FF0000BCB
:1009100021F00701AC46ACE8C009ACE8C009ACE87E
:10092000C009ACE8C0098D46704710B50446AFF366
:1009300000802046BDE81040FFF77ABC014918202E
:10094000ABBEFEE72600020070470000464910B526
:100950004A6822F440324A604A6843681A434A604F
:1009600001684A6822F480724A6001684A68036933
:1009700042EA03224A6001684A6822F040724A60F3
:1009800001684A6883681A434A6001688A6822F4E9
:1009900000628A6001688A68C3681A438A60816A53
:1009A0006FF07062D14201688A6822F070628A60DA
:1009B00001688A680CD0836A1A438A6001688A6871
:1009C00022F040528A6001688A68C36A1A4301E0D3
:1009D00022F040528A6001688A6822F002028A602E
:1009E00001688A68037E42EA43028A6090F8201018
:1009F000002901684A680FD042F400624A60016829
:100A00004A6822F460424A6001684A68174C436AA7
:100A100004EB43331A4301E022F400624A600168A8
:100A2000CA6A22F47002CA620168CA6A838B104CD7
:100A300004EB03531A43CA6201688A6822F4007205
:100A40008A6001688A6890F8303042EA43228A60FE
:100A500001688A6822F480628A6001688A68406955
:100A600042EA8020886010BD0023014000E0FFFFC3
:100A70000000F0FF0146806B026C12F0500F03D0B3
:100A8000806BC26C08461047016C41F40071016430
:100A900001688A6812F0405F17D1027EAAB9CA6A5B
:100AA00012F4700F02D08A6852050ED44A6822F000
:100AB00020024A60016C21F480710164016CC90458
:100AC00003D4016C41F00101016400F0AFBD806B03
:100AD00040210164416C41F00401416400F0C6BD55
:100AE000806B00F0C1BD000070B50C4D00240821E2
:100AF000284601F0DFFA00B901241021284601F050
:100B0000D9FA08B944F002040421284601F0D2FAC7
:100B100008B944F00404204670BD000000100240F3
:100B200028B100224FF40071024801F0C8BA012236
:100B3000F8E7000000140240002807D0002905D083
:100B40000A4601466423024802F05CB9704700007F
:100B5000F8000020002807D0002905D00A460146E9
:100B60006423024802F04EB970470000B000002034
:100B7000034890F84200202801D106F065BE704776
:100B8000B000002006F060BEFEE7000001480078DB
:100B9000704700000C0000200348417809B18068CC
:100BA00070470020704700000C000020014840689A
:100BB000704700000C00002010B505F071FD0148E1
:100BC00010BD00004041002010B505F069FD01484E
:100BD00010BD0000406100202DE9F041224C0E467E
:100BE000217859BB202E29D3B6F5805F26D84FF443
:100BF000FA621E49904201D2104602E0884200D9B2
:100C000008461B4901EB5002B2FBF0F5022D00D261
:100C10000225B1FBF5F0C4E9010600276770A77053
:100C2000144801F075FE13486D1E0168CD62C56061
:100C300000684762104800F0C9FD10B10020BDE80F
:100C4000F0810E49324601F5004000F091FB18B1E9
:100C5000094800F039FEF1E701202070054801F055
:100C60001BFE0120EBE700000C00002060AE0A0034
:100C700000BD0105A49200208881002040010020D1
:100C800010B5846B204600F067FE0120207110BD76
:100C900010B5846B204600F035FE0120207110BD98
:100CA00010B5846B206940F004002061204600F0FC
:100CB00063FE0120207110BD10B5846B206940F0E7
:100CC00004002061204600F01FFE0120207110BDAD
:100CD00010B5806B00F048FE10BD10B5806B00F0C1
:100CE00012FE10BD014800F07BBF000044920020BE
:100CF000014800F075BF0000D08100200168182372
:100D0000CAB2103AB2FBF3F2054B6FF30901032AA2
:100D10009B5CC36500D9091D8165084670470000CA
:100D2000408A000810B5014600208B698A6A4FF09E
:100D3000C07453B1B3F5005F15D072B1012A0CD065
:100D4000022A0AD0032A09D104E01AB1012A06D0E6
:100D5000022A03D1C96AC90100D5012010BDC96AA0
:100D6000A142FAD010BD002AF7D0012AF2D0022AFF
:100D7000F3D0032AF3D010BD30B50468256825F4FC
:100D800080252560046863608368402B036803D076
:100D900099600068C26030BD9A600068C16030BD73
:100DA00038B5104900204FF4006400BF21F810400E
:100DB000401CA042FAD30C4801F06EFD08B100F0CF
:100DC00089F90020074A01460090234602F5805029
:100DD00000F03AFE002803D0BDE8384000F07AB9B0
:100DE00038BD000030820020EC92002070470000E7
:100DF00010B5002004F046F902480021017041704E
:100E000010BD00008C000020014880887047000061
:100E10008C000020034800210170417081808160B6
:100E2000704700008C0000200048704764E60020F6
:100E300010B504F059F9002803D0BDE8104004F0C3
:100E4000E9B910BD2DE9F04F8C4C0646204662787A
:100E5000C169DFF82C8280698A4F8B4D89B04FF0D1
:100E600005094FF0030B4FF0020A072A0ED2DFE804
:100E700002F00D0410666DBEC9004FF400613846E3
:100E8000FFF7AAFE002801D084F801A009B0BDE850
:100E9000F08FFFF77BFE0028F8D1FFF787FE814631
:100EA000FFF77AFE0646FFF787FE784B4A46314643
:100EB000009503F05BFB95ED050AB5EEC00AF1EE77
:100EC00010FA02D9A86840450BDAA078401CC0B2DD
:100ED000A070032803D300BF42F2012010E00120DC
:100EE00032E010EE100A6A49884202DA42F2022029
:100EF00006E010EE100A6749884206DD42F2032040
:100F000009B0BDE8F04F05F06BBFF3EE080A624987
:100F100020EE200ABCEEC00A10EE100A884201D270
:100F2000084602E0B84200D93846544918310860F2
:100F3000091D4FF48050086084F801B0A6E7FFF760
:100F40004BFE0028A2D0042060709FE7FFF71EFE32
:100F500000289BD1FFF72AFE8046FFF71DFE0746BB
:100F6000FFF72AFE494B42463946009503F0FEFA48
:100F700095ED050AB5EEC00AF1EE10FAACD903F012
:100F80006DFD206195ED050A84ED050AFFF70EFE63
:100F90008046FFF701FE0746FFF70EFE3A494FF481
:100FA00080622031CDE9001295ED050A374B4246AB
:100FB000394603F0B1FBA068B0B10078A0B1206958
:100FC00020B100EE100AB8EE400A01E095ED050AE6
:100FD00006F06CFC94ED050A06F02AFB012004F0F3
:100FE00051F884F800A045E084F800B042E0E268DF
:100FF000B21AB2F5FA6FA1D3FFF7EEFD00289DD02B
:101000000620A1E7FFF7C2FD002897D1FFF7CEFD2C
:101010000746FFF7C1FD0546FFF7CEFD01A9009188
:101020001A4B3A46294603F0A1FA9DED060AB5EEA1
:10103000C00AF1EE10FA1DDD039840451ADD2022AA
:1010400001A91148FFF747FB94ED050AF6EE000AE7
:101050009DED061A20EE200A01EE200A84ED050A15
:1010600003F0FCFC20612078022803D194ED050AEE
:1010700006F0DEFAE66084F8019007E78C000020B5
:101080000000C84260AE0A0064E600205C8E0008E2
:101090000000484400204B47A08601000148006939
:1010A000704700008C00002006498860002088807E
:1010B0008870C1E90320012008704870002003F007
:1010C000E1BF00008C00002001480078704700005C
:1010D0008C00002072B6FEE70A49884210D0490011
:1010E00088420DD0A0F1640140F65432914205D8F7
:1010F0006421B0FBF1F201FB120008B1002070473F
:101100000120704740420F00154A08B5914201D1B5
:1011100030211EE0134A914201D1312119E0A1F1A1
:10112000640240F654339A4205D86422B1FBF2F3CC
:1011300002FB13130BB1002008BDB1FBF2F10A2230
:10114000491EB1FBF2F302FB1313B1FBF2F143EAC8
:1011500001118DF800100122694606F041FA08BD20
:1011600040420F0080841E001CB500230093A1F1B3
:10117000640340F65534A34224D26423B1FBF3F454
:1011800003FB1414F4B90A3A0B2A1BD2B1FBF3F196
:10119000FF238DF80430491E01EB41130B4902EB8C
:1011A000420219448C188B5C8DF8053061788DF8FB
:1011B0000610032201A906F013FA8DF80000A078AA
:1011C0008DF80100BDF800001CBD0000758A000804
:1011D0000122014906F004BA748A00080120704710
:1011E00070B51B4C002528B1014614222046FFF79C
:1011F00072FA04E025606560A560E560256106F08F
:10120000E7F91448FF21C57045810171C1718571ED
:101210000F48243801F048FE0D4800220E490C38D2
:1012200001F0C2FE606802F0DFFCFFF7F3FD084842
:1012300000210C3801F0A2FE054800210C3801F015
:10124000BDFEBDE87040024800210C3801F04CBFE3
:10125000589400201800002009700008064910B5B5
:101260004A788B78521C02F03F029A4203D0034B1B
:101270004C7818554A7010BD180000206C9400205E
:1012800070B505F0B5FF054605F0AEFC2148224CCF
:10129000016949B1E069281AFA2805D3E561607946
:1012A00080F0010060718847284606F045F82078F4
:1012B000012813D0022821D0032824D0042827D1C4
:1012C0002069281AB0F5967F22D3124802210C38E3
:1012D00001F00AFFBDE8704006F07AB9E078002816
:1012E00016D02069281AB0F57A7F11D30020E0705B
:1012F000084861890C3802F06FF8E6E72846BDE837
:10130000704006F047B82846BDE8704005F078BF49
:1013100070BD0000589400201800002010B590F80F
:101320003C20012A1FD0012200F83C2F0F4A5368AD
:1013300023F01F03536053680C68234353605368C2
:1013400023F44043536053684C682343536053680D
:1013500023F470635360536889680B435360002122
:101360000170084610BD022010BD0000002301409E
:10137000F8B500250446009590F83C0013462A462F
:10138000012807D0012084F83C0020688668F60711
:1013900002D011E00220F8BD866846F001068660A2
:1013A0003148324E0068B0FBF6F000EB400000E040
:1013B000401E00900028FBD120688668F60749D0BF
:1013C000226C40F20166B24342F4807222644068AB
:1013D000400505D5206C20F4005040F48050206476
:1013E000206CC00404D5606C20F00600606400E04E
:1013F000656484F83C50A26B1D48D063A26B1D4805
:101400001064A26B1C48D06422686FF00200106068
:101410002068426842F080624260184894F83020A8
:10142000002A426802D042F4005201E022F4005245
:1014300042600A461149A06B083100F00BFD0246DC
:101440002068816811F0405F0CD1816841F08041D3
:10145000816007E0206C40F010002064606C40F078
:10146000010060641046F8BDAC00002040420F004F
:10147000750A0008E10A0008CF0A000800230140AD
:1014800010B50446002094F83C1001290DD001212C
:1014900084F83C1021688A6822F001028A60226880
:1014A0000E499268D20702D013E0022010BD4868AE
:1014B00020F400504860A06B00F036FB21684A68B9
:1014C00022F080624A60216C21F4885141F00101D0
:1014D0002164002184F83C1010BD0000002301406D
:1014E00078B50024009490F83C20012A19D00122FC
:1014F00080F83C200A6807230568092A13D9EE689A
:101500000A3A02EB420293409E43EE600B788A68EF
:101510000A3B03EB43039A400368DD682A43DA6021
:1015200010E0022078BD2E6902EB420293409E43F8
:101530002E610B788A6803EB43039A4003681D69A8
:101540002A431A614A681F23072A13D205686E6B63
:10155000521E02EB820293409E436E630B790A880F
:101560005B1E92B203EB83039A4003685D6B2A43D0
:101570005A6327E005680D2A12D22E6BD21F02EBA8
:10158000820293409E432E630B790A88DB1F92B23E
:1015900003EB83039A4003681D6B2A431A6311E02F
:1015A000EE6A0D3A02EB820293409E43EE620B79A3
:1015B0000A880D3B92B203EB83039A400368DD6A0D
:1015C0002A43DA62164B0568144A9D4206D10D681B
:1015D000122D03D1556845F48005556005689D427C
:1015E00018D10B68102B01D0112B13D1536843F481
:1015F00000035360096810290CD10A490A4A096896
:10160000B1FBF2F101EB8101490000E0491E0091BC
:101610000029FBD180F83C40002078BD0023014028
:1016200000200140AC00002040420F0010B50068CF
:10163000094988420ED1094801F06AF90848FFF7C4
:101640001FFF0748483000F03FF90648012141706C
:101650000021017010BD000000200140A492002074
:10166000408100200C0000207047000010B5006889
:10167000084988420DD1084801F04AF90748FFF7A8
:10168000FFFE0648483000F01FF905490020487069
:10169000087010BD00200140A4920020408100206D
:1016A0000C00002070B504004FF0000503D0206C42
:1016B000002610B107E0012070BD204600F01CF8A4
:1016C000666484F83C60206CC00610D4206C20F462
:1016D000885040F0020020642046FFF737F9666426
:1016E000206C20F0020040F00100206400E00125A1
:1016F00084F83C60284670BD70B586B0064614215B
:101700006846FFF71AF82B49294C33680025294809
:1017100014390322A34230D1036843F48073036079
:10172000006800F480700590086840F001000860CF
:101730000868694600F00100059002208DE8250048
:101740001D4800F0BFFB1E4C1C48C4E900050015F5
:10175000A560C4E90350800060618000C4E906050B
:10176000C000C4E90805204600F00AFB08B1FFF7F5
:10177000B1FCB463A66306B070BD124CA342FAD1AB
:10178000036843F400730360006800F40070059080
:10179000086840F0020008600868694600F002002E
:1017A000059001208DE82500074800F08BFBE2E75B
:1017B0000020014044380240000002401064024012
:1017C000D0810020002101400004024018B5002112
:1017D000009190F83C20012A07D0012280F83C209B
:1017E00002689368DB0702D011E0022018BD9368FD
:1017F00043F0010393602E4A2E4B1268B2FBF3F2C2
:1018000002EB420200E0521E0092002AFBD1026865
:101810009368DB0742D0036C40F20164A34343F4B6
:101820008073036453685B0505D5036C23F4005390
:1018300043F480530364036CDB0404D5436C23F04E
:101840000603436400E0416480F83C101A496FF0DD
:101850002203136049680068CA06184906D0884206
:1018600024D1816811F0405F13D01FE08842F8D086
:10187000134A904203D1D1F80423D206F1D0114A81
:10188000904213D1D1F8041301F01F011029E8D3BD
:101890000CE0816841F08041816007E0016C41F01B
:1018A00010010164416C41F001014164002018BD48
:1018B000AC00002040420F00002301400020014006
:1018C000002101400022014090F83C1001290CD079
:1018D000012180F83C1001688A6822F001028A60C8
:1018E00001688968C90702D007E002207047016CCF
:1018F00021F4885141F001010164002180F83C107D
:101900000846704770477047704770B500B3F9B12B
:101910004379012B1ED0012646710223037105680D
:101920002C6802F0100340F6FE729A409443D1E90D
:1019300000210A439A4022432A6001680A68C024B1
:101940009C40A2430A60067100214171084670BDA7
:10195000012070BD022070BD4FF48061014803F08A
:101960009BBB0000308A00204FF48061014803F0E7
:1019700093BB000030820020704770B5040003D094
:101980002079002510B105E0012070BD6571204669
:1019900000F008F80220207125610120207100204C
:1019A00070BD000070B586B0054614216846FEF78C
:1019B000C4FE20492868884239D11F4800260168A2
:1019C00041F000510160006800F0005005901A4895
:1019D0001038016841F0010101600068694600F0BB
:1019E00001000590102000900320CDE90106134866
:1019F00000F068FA134C124820604FF0606060609D
:101A00004020C4E9020600012061400060618000BE
:101A1000A0614011E0614FF44030C4E9080620465F
:101A200000F0AEF908B1FFF755FBAC60A56306B056
:101A300070BD0000007400404038024000000240C9
:101A400088600240449200202DE9F041040006988D
:101A500017460D461BD0617901291BD001266671FE
:101A600002212171C5B1E2682949D163E26829499F
:101A70001164E2682849D16421680A6842F0805202
:101A80000A6040B32268042828D01C3227E00120D5
:101A9000BDE8F0810220FBE7A2682049D163A2687B
:101AA0001F491164A2681F49D16421680A6842F481
:101AB00080520A6020B12268042804D0103203E06A
:101AC0002268083200E00C322068016841F40051BD
:101AD0000160A06809E02268143200E01832206832
:101AE000016841F000510160E068394600F0B2F948
:101AF0000021617120B1216941F004012161C7E732
:101B000021680A6805F010039E4032430A60BFE76F
:101B1000910C0008DB0C0008B90C0008810C0008CF
:101B2000D10C0008A10C00082DE9F0410446876D96
:101B300000F0CAFA064694F835000025022806D0BF
:101B40008020606584F834500120BDE8F081206871
:101B5000016821F0160101602068416921F08001CF
:101B60004161206C08B9A06C20B12068016821F0A7
:101B7000080101602068016821F0010101600CE0AA
:101B800000F0A2FA801B052807D9202060650320F9
:101B900084F8350084F83450D7E720680068C0071F
:101BA000EED194F85C103F208840B860012084F8A2
:101BB000350084F834500020C7E790F8351002292A
:101BC00003D08021416501207047052180F8351040
:101BD0000068016821F001010160002070470000E9
:101BE0002DE9F84304464FF00009CDF80090634812
:101BF0004FF41651A56D0068B0FBF1F72E6894F80C
:101C00005C10082000FA01F131420FD021680A6807
:101C100052070BD50A6822F004020A6094F85C109F
:101C20008840A860606D40F00100606594F85C1029
:101C30004FF0010808FA01F0304208D021684969E4
:101C4000090604D5A860606D40F00200606594F854
:101C50005C1004208840304208D021680968890758
:101C600004D5A860606D40F00400606594F85C10D5
:101C700010208840304218D021680968090714D51F
:101C8000A86020680168490304D50068000308D5EE
:101C9000A16C07E00168C90503D4016821F00801BF
:101CA0000160216C09B12046884794F85C1020201F
:101CB0008840304231D021680968C9062DD5A86016
:101CC00094F8350005282068016806D0490347D5F7
:101CD000006800031DD4616C1CE021F01601016056
:101CE0002068416921F080014161206C08B9A06C35
:101CF00020B12068016821F00801016094F85C10AF
:101D00003F208840A86084F8358084F83490216DA5
:101D10001FE0E16B09B120468847606D00282BD099
:101D2000606DC00714D0052084F835002068016874
:101D300021F0010101600098401C0090B84203D8D6
:101D400020680068C007F6D184F8358084F83490A4
:101D5000E16C002910D001B02046BDE8F0430847EF
:101D60000168C905D5D4016821F01001016084F82B
:101D7000358084F83490CCE7BDE8F883AC000020CF
:101D80002DE9F041044600F09FF906465CB10220BF
:101D900084F83500002584F834502068016821F06B
:101DA000010101600DE00120BDE8F08100F08CF937
:101DB000801B052805D920206065032084F83500A4
:101DC000F2E720680068C007F0D122681168204857
:101DD0000140D4E901031843D4E9033633431843DF
:101DE00063691843A3691843E3691843236A1843D6
:101DF0000843616A042903D1D4E90B13194308434A
:101E0000106020684069666A20F0070130460E4382
:101E1000012704280CD1A06A0643E06A40B120469D
:101E2000FEF780FF20B14020606584F83570BAE786
:101E3000206846612046FEF761FF94F85C203F2150
:101E400091408160656584F835700020ACE7000042
:101E50003F8010F02DE9F0410446866D90F8340083
:101E6000002501280DD0012084F8340094F8357045
:101E70000020012F07D084F8340002252846BDE851
:101E8000F0810220FBE7022784F835706065204668
:101E9000FEF772FF94F85C103F208840B060206825
:101EA000016841F016010160206C20B120680168D2
:101EB00041F0080101602068016841F00101016002
:101EC000DCE700002DE9F84FDFF8BCA10022012576
:101ED00003264FF00F090AF1040BAAF1040E00BF0C
:101EE0000B6805FA02F42340A34270D10F7907F082
:101EF0000307012F01D0022F16D187684FEA42084D
:101F000006FA08FC27EA0C07D1F80CC00CFA08FC0A
:101F10004CEA070CC0F808C04768A7430C79C4F323
:101F2000001494403C4344600C79E443A4070AD075
:101F3000C4684FEA420C06FA0CF7BC438F6807FAF4
:101F40000CF72743C7600C7904F00304022C12D16C
:101F5000D40800EB840CDCF820405707FF0E09FA88
:101F600007F824EA0804D1F8108008FA07F848EACC
:101F70000408CCF8208004684FEA420C06FA0CF7FB
:101F8000BC430F7907F0030707FA0CF727430760F4
:101F90004C6814F4403F70D03C4C276847F48047AD
:101FA0002760246822F0030704F480440094384C2E
:101FB00007EB040CDCF8084897074FEA177809FA92
:101FC00008F7BC43334FB84202D1002724E054E065
:101FD000314FB84201D101271EE0304FB84201D144
:101FE000022719E02E4FB84201D1032714E02D4FEC
:101FF000B84201D104270FE02B4FB84201D1052789
:102000000AE02A4FB84201D1062705E0284FB8421E
:1020100001D1072700E0082707FA08F72743CCF883
:102020000878DAF800405746D1F804C09C435FEACC
:10203000CC2C00D51C433C60DBF800405F46D1F857
:1020400004C09C435FEA8C2C00D51C433C60DEF846
:1020500000407746D1F804C09C435FEA8C3C00D531
:102060001C433C60084F083F3C68D1F804C09C43C7
:102070005FEACC3C00D51C433C60521C102AFFF4A4
:102080002FAFBDE8F88F0000083C01404438024003
:1020900000300140000002400004024000080240FD
:1020A000000C0240001002400014024000180240E0
:1020B000001C02400069084000D0012070470AB1AE
:1020C000816170470904FBE70148806870470000A0
:1020D0000000002002488168027811448160704746
:1020E000000000200B4810B5016841F40071016048
:1020F000016841F480610160016841F48071016010
:10210000032000F06FF80F2000F006F800F024F82C
:10211000002010BD003C024070B50D4D04464FF448
:102120007A712878B1FBF0F00A490968B1FBF0F048
:1021300000F00AFB48B9102C07D200222146501E9D
:1021400000F030F800206C6070BD012070BD000010
:1021500000000020AC0000200A4808B5016841F4E6
:1021600080410160006800F4804000900548001F35
:10217000016841F080510160006800F080500090DB
:1021800008BD000044380240002809DB00F01F02AF
:10219000012191404009800000F1E020C0F80011C9
:1021A00070470000F0B40E4B1B680C46C3F30223CB
:1021B000C3F10705042D00D90425191D072901D2F3
:1021C000002300E0DB1E012606FA05F1491E21402E
:1021D00099409E40761E16403143F0BC03F04BB848
:1021E0000CED00E0064900F0070208684FF6FF0317
:1021F000184040EA0220034A10430860704700007C
:102200000CED00E00000FA052DE9F0470E46050050
:1022100065D0DFF81481D8F80000F7B200F00700AD
:10222000B04207D288F80070D8F8000000F007002C
:10223000B04254D128683D4C810712D5400703D5E0
:10224000206840F4E05020602878000703D520681B
:1022500040F4604020602068A96820F0F000084346
:1022600020602878C0072DD03049686808390128D7
:1022700012D0022813D0032811D009688907002939
:102280002DDA216821F0030101432160FFF71CFFD3
:10229000814641F2883A0EE009688903EFE7096850
:1022A0008901ECE7FFF710FFA0EB0901514502D9C6
:1022B0000320BDE8F0872068696800F00C00B0EBEF
:1022C000810FEFD1D8F80010404601F00701B1426C
:1022D00007D90770006800F00700B04201D0012064
:1022E000E7E72878400705D52068E96820F4E05042
:1022F000084320602878000706D52068296920F463
:10230000604040EAC100206000F038F82168084AC7
:10231000C1F30311515CC8400649086006480068D3
:10232000FFF7FAFE0020C4E7003C024008380240F4
:10233000608E0008AC00002004000020044805491D
:1023400000680968044AC1F38221515CC8407047A3
:10235000AC00002008380240708E0008044805498F
:1023600000680968044AC1F34231515CC8407047B3
:10237000AC00002008380240708E0008154810B5E7
:10238000006810F00C02144813D04110042A0FD03A
:10239000082A0ED10F4C241F2268236802F03F0246
:1023A0005B0207D52068C0F38810A0FB010106E09E
:1023B000084610BD2168C1F38811A1FB000100236C
:1023C000FDF75CFF2168C1F30141491C4900B0FBE6
:1023D000F1F010BD083802400024F4002DE9F84F58
:1023E00004006ED02078DFF84C93C007A9F10405F3
:1023F0004AD009F104000168C1F38101012908D024
:102400000068C0F3810002280AD1D9F80000400218
:1024100006D52868800337D560680028E1D033E00E
:102420006068B0F5803F10D0B0F5A02F286810D0BC
:1024300020F480302860286820F4802028606068BC
:10244000A8B1FFF741FE06460DE0286840F4803051
:10245000F4E740F480202860F7E700BFFFF734FE80
:10246000801B642873D828688003F7D50CE0FFF739
:102470002BFE064605E000BFFFF726FE801B642802
:10248000F0D828688003F7D42078DFF8AC82800782
:102490004FF0000A3ED5A748001D016811F00C0F4F
:1024A00008D00068C0F3810002280BD1D9F80000E1
:1024B000400207D42868800716D5E068012800D1BB
:1024C00012E033E1E068B8B10120C8F80000FFF77E
:1024D000FBFD064605E000BFFFF7F6FD801B022866
:1024E000C0D828688007F7D52868216920F0F8004F
:1024F00040EAC10028600DE0C8F800A0FFF7E4FD45
:10250000064604E0FFF7E0FD801B02281FD828687C
:102510008007F7D42078000722D5864F8748616965
:10252000703771B101210160FFF7CEFD064604E06E
:10253000FFF7CAFD801B022809D838688007F7D545
:102540000EE0C0F800A0FFF7BFFD064605E082E000
:10255000FFF7BAFD801B02287DD838688007F7D4C2
:102560002078400768D5DFF8CCB100270BF13C0B91
:10257000DBF80000C0000BD4DBF8001041F0805104
:10258000CBF80010DBF80000012700F0805000902D
:102590006B4E3068C00510D4306840F480703060F5
:1025A000FFF792FD009005E0FFF78EFD0099401ABD
:1025B000022850D83068C005F6D55E4EA0686C364B
:1025C00001280FD00528306810D020F001003060BD
:1025D000306820F004003060A068B8B1FFF774FDE7
:1025E00000900FE0306840F00100F4E740F0040094
:1025F0003060F7E7FFF768FD0099411A41F2883033
:10260000814266D830688007F4D50EE0FFF75CFDA4
:10261000009007E0FFF758FD0099411A41F2883019
:10262000814256D830688007F4D42FB1DBF800100F
:1026300021F08051CBF80010A069C8B33D49091DB5
:102640000968C1F3810102294AD00228504607D007
:10265000C8F8600000E03CE0FFF736FD04463BE0D0
:102660004746C8F86000FFF72FFD064605E000BFAB
:10267000FFF72AFD801B02282BD828688001F7D499
:10268000D4E907010843A16A2E4A490802EB014137
:10269000626A41EA8211084394F82C1040EA016111
:1026A000C9F8001001203866FFF70EFD044606E069
:1026B0003EE000BFFFF708FD001B022809D828688C
:1026C0008001F7D534E000BFFFF7FEFC001B0228B5
:1026D00002D90320BDE8F88F28688001F4D427E0F0
:1026E0000128F7D0D9F80000E26900F48001914296
:1026F0001CD1226A00F03F01914217D147F6C07108
:10270000626A0140B1EB821F10D1A26A4FF0FF3321
:1027100000F4403103EB5202B1EB024F06D194F8C2
:102720002C1000F07060B0EB016F01D00120D1E7F8
:102730000020CFE70438024000004742800E4742A5
:10274000007000400000FFFF10B5401EB0F1807F18
:1027500001D3012010BD4FF0E02460610F2160170C
:1027600002F089FD0020A06107202061002010BD3B
:1027700070B590F83C20012A32D0012480F83C400A
:10278000022280F83D2003685A689D6822F0700696
:102790000A6832435A60134B02689A4214D0B2F16D
:1027A000804F11D0104B9A420ED0104B9A420BD052
:1027B0000F4B9A4208D00F4B9A4205D00E4B9A42CB
:1027C00002D00E4B9A4204D1496825F08003194388
:1027D000916080F83D40002180F83C10084670BDB3
:1027E000022070BD000001400004004000080040CD
:1027F000000C00400004014000400140001800406F
:1028000010B5040003D094F83D0010B107E001209A
:1028100010BD002084F83C00204600F01FF8022084
:1028200084F83D00211D206802F0AAF9012084F8F7
:10283000460084F83E0084F83F0084F8400084F8A5
:10284000410084F8420084F8430084F8440084F88E
:10285000450084F83D00002010BD000008B5016867
:102860000B48B1F1804F0BD00A4A914207D1016861
:1028700041F010010160006800F01000009008BDF8
:10288000016841F001010160006800F00100F5E716
:10289000403802400010004090F83D10012901D05E
:1028A00001207047022180F83D10006811498842DC
:1028B00014D0B0F1804F11D00F4988420ED00F498B
:1028C00088420BD00E49884208D00E49884205D074
:1028D0000D49884202D00D49884204D1816801F037
:1028E0000701062903D0016841F0010101600020C1
:1028F0007047000000000140000400400008004054
:10290000000C00400004014000400140001800405D
:1029100001680A6A41F211131A4207D10A6A9B1030
:102920001A4203D10A6822F001020A60012180F8EC
:102930003D100020704770B5044690F83C0000251B
:10294000012817D0012684F83C60022084F83D005D
:102950002068826822F0770222F47F428260086851
:10296000502838D00DDC20284FD005DC90B310283B
:1029700011D14AE0022070BD302846D040280AD14B
:102980003BE060282FD070280DD0B0F5805F03D0D9
:10299000B0F5005F12D0012584F83D60002084F876
:1029A0003C00284670BDCB68D1E90121206802F0C7
:1029B0004FF92068816841F0770109E0CB68D1E9DF
:1029C0000121206802F044F92068816841F48041C7
:1029D0008160E1E719E0CA684968206802F04AF9B5
:1029E0005021206806E0CA684968206802F053F95F
:1029F0006021206802F036F9CEE7CA68496820688D
:102A000002F038F940212068F4E7226801461046B8
:102A1000F0E770470249884201D104F015BF7047C2
:102A2000B0000020F8B5016804460868CA684B6920
:102A300010F00F0F4FF0000559D003F0010602F41B
:102A40009077374365D0C10705D0D10503D5616CB8
:102A500041F001016164410705D5D90703D0616CDC
:102A600041F002016164810705D5D90703D0616C8B
:102A700041F004016164010707D502F020013143F0
:102A800003D0616C41F008016164616C00293AD0A7
:102A9000800604D5900602D5204602F03CF9206855
:102AA0004069616CC0F38010090700D460B3204610
:102AB00002F00AF920684069400621D520681430E8
:102AC00050E8001F21F0400140E80012002AF5D133
:102AD000E06BA8B172490165E06BFFF76EF8002862
:102AE00011D0E06B016D01B0BDE8F04008478306EE
:102AF0000FD593060DD52046BDE8F84002F00BB97E
:102B00002046FFF787FFF8BD2046FFF783FF656487
:102B1000F8BD266B2023012E7ED1C6067CD5D606B5
:102B20007AD508684868009048694FF00206400668
:102B30004DD5E26B106840684FF480770004000CBC
:102B40003AD0A18D814237D9E085D069B8422DD0E5
:102B500020680C3050E8001F21F4807140E800121A
:102B6000002AF5D12068143050E8001F21F001013F
:102B700040E80012002AF5D12068143050E8001F08
:102B800021F0400140E80012002AF5D184F84230DB
:102B9000256320680C3050E8001F21F0100140E848
:102BA0000012002AF5D1E06BFEF7BEFF6663A08D30
:102BB000E18D401A81B206E0A18D8142A8D1D06991
:102BC000B842A5D166632046FFF723FFF8BDA08D6C
:102BD000E18D401A81B2E08D0028F7D00029F5D0B0
:102BE00020680C3050E8002F22F4907240E8002753
:102BF000002FF5D12068143050E8002F22F0010298
:102C000040E80027002FF5D184F842302563206882
:102C10000C3050E8002F00E006E022F0100240E8FF
:102C20000023002BF3D1CDE705062BD5150629D5BA
:102C300094F841002128C9D1A068B0F5805F01D186
:102C40002069B0B1206A411C216221680078486087
:102C5000E08C401E0004000CE084B7D12068C168FD
:102C600021F08001C1602068C16841F04001C1606D
:102C7000F8BD206A0088C0F308004860206A801C04
:102C80002062E5E74006F3D55006F1D5CA68204634
:102C900022F04002CA6084F8413000F003F9F8BD28
:102CA000BB4C000870B5040004D094F84100002526
:102CB00010B106E0012070BD84F84050204600F0BD
:102CC00023F8242084F841002068C16821F40051D1
:102CD000C160204602F080F82068016921F490412B
:102CE00001612068416921F02A0141612068C168C1
:102CF00041F40051C1606564202084F8410084F8EB
:102D000042006563002070BDF0B587B00446142111
:102D10006846FDF712FD274F226827490223012448
:102D2000032507262548BA421ED1234A14321768C4
:102D300047F010071760126802F0100205920A6847
:102D400042F001020A60096801F00101059169027F
:102D50008DE87A006946FFF7B5F8002203212520A7
:102D6000FFF720FA252020E0154FBA421FD1124A62
:102D70001032176847F400371760126802F4003207
:102D800005920A6842F001020A60096801F0010137
:102D900005910C218DE87A006946FFF793F800222F
:102DA00003212620FFF7FEF92620FFF7EDF907B0F3
:102DB000F0BD000000100140303802400000024029
:102DC0000044004090F84230202B01D00220704790
:102DD00021B11AB10023036302F084B801207047C7
:102DE000064910B5884207D105480078FEF736FA43
:102DF000BDE8104004F028BD10BD0000B000002068
:102E00003C0000202DE9F843044690F84100984624
:102E100016460D46202802D00220BDE8F88385B171
:102E20007EB100206064212084F84100FFF74CF956
:102E3000A6848146E684A0682027B0F5805F02D092
:102E400003E00120E9E7206910B12E4600250EE0DD
:102E500000260CE08021204602F05FF8A8B9C6B138
:102E600016F8010B21684860E08C401EE084E08C7D
:102E70004B464FF00002CDF800800028EAD14FF019
:102E80004001204602F049F840B184F84170032027
:102E9000C3E735F8020BC0F30800E3E784F841709C
:102EA0000020BAE77047FEE7002101704170817091
:102EB000C170017141757047407D70472DE9FC413B
:102EC000044607780423022601200025062F51D24C
:102ED000DFE807F0030B11203038AA2927D16570ED
:102EE000A570E5702171657510E061702079084466
:102EF000207126701BE0A170227910290A442271EA
:102F0000E57001D9607519E011B1032020700EE061
:102F10000420FBE7E078651D421CE27041552079F2
:102F200008442071E078A178884200D32370002003
:102F3000BDE8FC812079884202D06675257017E0D3
:102F40000520E3E7552901D00320DBE701A88DF830
:102F500004500090A17813460A466078611D03F082
:102F60004BFC9DF804106175257008B10120DFE766
:102F70000220DDE725706375FAE7000010B586B022
:102F800004000AD021720B4605A218216846FDF7FD
:102F9000EDF96946204604F02FFB06B010BD000095
:102FA0007061676520257500002806D0C0E9001211
:102FB0000021017241728172C17270472DE9FF4791
:102FC0000D46040072D06572207A42F6FF36002862
:102FD00043D1012D4FD06A2735A100970396CDE943
:102FE00001104FF4B6784346AC225421204603F03A
:102FF00031FE41F6F751022D3FD0002003912FA260
:103000000097CDE901204FF4107A4346AC22514697
:10301000204603F01FFE42F62C51032D2FD0002036
:10302000039129A20097CDE901204FF4A3794346EB
:103030004A465421204603F00DFE4FF2E750042D7E
:103040001FD00021039023A20097CDE90121434620
:103050004A465146204603F0FDFD2546204FDFF845
:10306000849000244FF034084FF4047A687AA04228
:1030700009D1012208E00120ADE70120BEE70120CF
:10308000CEE70121DEE7002257F8240001A9CDF8A0
:10309000008081E8450039F814108C2352462846F8
:1030A00003F0D8FD641CE4B2062CDFD3BDE8FF8733
:1030B000BBF9B1BEBFD8D6C600000000D1A7CFB0C3
:1030C000BDA8C4A300000000B5C8D0A7CAE4B3F6E9
:1030D00000000000B2A8D0CEC9E8B6A800000000E9
:1030E00040000020688A00082DE9F04F99B00C4696
:1030F0005FEA000933D0032C00D9032489F80B4080
:1031000099F80800DFF8CCB060B301284CD0022851
:1031100051D0032856D0042821D1EE264FF4307820
:103120004FF4AF774225DFF8B0A033463A463AF87D
:1031300014004146CDE90050484603F05FFE5BF8BD
:1031400024003AF814104FF6FF7200950390CDE971
:10315000012133463A464146484603F09DFD19B0E9
:10316000BDE8F08F54264FF4E5774FF456782425C8
:103170005BF8243019A2502104A8FDF7F7F842F2B9
:10318000A914CDE9005443463A463146484603F077
:1031900035FE04A94FF6FF70CDE90241CDE900509C
:1031A00043463A463146D7E74FF42A784FF48877BA
:1031B0004FF483760BE0AE264FF43A784FF4A377C2
:1031C0002625B0E740F21228FA274FF4C2764625AA
:1031D000A9E7000058000020608A0008B5B1C7B018
:1031E0003ACAD7D2B320202020D7B4CCAC3A25732A
:1031F000000000002DE9FF410C4605003BD0022CE9
:1032000000D90024AC72297A42F6FF3041F6F75714
:103210004FF2E758032930D004292CD1002C5CD080
:1032200000213E26039030A20096CDE90121922391
:10323000A6225421284603F00DFD012C4FD000207A
:103240002BA103970096CDE901109223A622FE211F
:10325000284603F0FFFC022C43D0002126A2CDF823
:103260000C800096CDE901219223A6224FF4D4715F
:10327000284603F0EFFCBDE8FF8144B30021462659
:10328000039019A20096CDE901217023AA224E21B4
:10329000284603F0DFFC012C1BD0002014A103976B
:1032A0000096CDE901107023AA22D621284603F00A
:1032B000D1FC022C0FD000210FA2CDF80C8000967B
:1032C000CDE901217023AA224FF4AF71D0E701218B
:1032D000D5E70120E2E70121EEE70121A1E7012086
:1032E000AEE70121BAE70000D5FDCFD20000000013
:1032F000BED8D0CE00000000C6E4CBFB000000002A
:103300002DE9F04F95B01E4617465FEA00084FD0F2
:103310000B4629A2402104A8FDF728F804AC4FF081
:1033200000094FF6FF7A3825CDE90294CDE9005A1D
:103330004FF48A7B5B46AE224FF48871404603F01F
:10334000ABFC0A20B7FBF0F1B7FBF0F300FB117107
:1033500000911BA2402104A8FDF708F8CDE90294D2
:10336000CDE9005A5B464FF481724FF488714046B4
:1033700003F092FC4FF47A71B6FBF1F0B6FBF1F377
:1033800001FB1060009011A2402104A8FCF7EEFFA1
:1033900042F2A9104FF2E75100950394CDE90110D4
:1033A0005B464FF4AB724FF48871404603F074FCF7
:1033B00015B0BDE8F08F0000256C7520487A00003C
:1033C00025752E25752056707000000025752E2558
:1033D000303375205670700010B594B004001DD0C5
:1033E0004FF47A72B1FBF2F0B1FBF2F302FB101072
:1033F00000900BA2402104A8FCF7B8FF04AB42F2F6
:10340000A9124FF6FF7138208DE80F004FF48A7330
:103410004FF4D572191F204603F03EFC14B010BDC6
:1034200025752E2530337520567070002DE9FF4725
:103430000C4605001DD0002C1BD042F2A9162827EF
:10344000CDE900764FF483784FF4C1794FF42A7AAE
:1034500043464A46514603F0D1FC4FF2E7500097ED
:103460000394CDE9010643464A465146284603F0F7
:1034700013FCBDE8FF872DE9FF470C4605001CD073
:10348000002C1AD000263827CDE900764FF48E782C
:103490004FF4D9794FF48A7A43464A46514603F0AD
:1034A000ADFC4FF6FF7000970394CDE9010643464B
:1034B0004A465146284603F0EFFBBDE8FF8700006F
:1034C00010B594B004001CD04FF47A72B1FBF2F046
:1034D000B1FBF2F302FB101000900BA2402104A8F4
:1034E000FCF744FF04AB00224FF6FF7142208DE849
:1034F0000F00EE234FF4D2724FF43071204603F0E8
:10350000CBFB14B010BD00004C4F43414C3A257525
:103510002E25303375205670700000002DE9F04FD5
:1035200099B09846DDF888905FEA000A64D002B945
:1035300033A20B46009233A2502104A8FCF716FFD9
:1035400000243825CDE900544FF48E7BCA235A4617
:10355000D221504603F052FC04AE4FF6FF77CDE97E
:103560000246CDE90057CA235A46D221504603F0FD
:1035700093FB4FF47A71B8FBF1F2B8FBF1F301FB66
:103580001280009022A2502104A8FCF7EFFECDE9A2
:1035900000544FF4AF78CA234246D221504603F07C
:1035A0002DFCCDE90246CDE90057CA234246D2217F
:1035B000504603F071FB0A21B9FBF1F2B9FBF1F3BC
:1035C00001FB1290009015A2502104A8FCF7CEFE3A
:1035D000CDE900544FF4D078CA234246D221504658
:1035E00003F00CFCCDE90246CDE90057CA23424660
:1035F000D221504603F050FB19B0BDE8F08F000017
:103600002D2D0000256C7520487A202573000000C0
:1036100025752E25303375205670700025752E25A2
:1036200075202525000000002DE9F0479CB09A4642
:103630001646070040D001B921A141F647144FF2C8
:10364000E7502225CDE90241CDE900504FF416792B
:10365000FA234FF4B3724946384603F01DFB4FF48A
:103660007A71B6FBF1F0B6FBF1F301FB106000904C
:1036700016A2602104A8FCF779FE04AE4FF6FF788D
:10368000CDE90246CDE90058FA234FF4C872494605
:10369000384603F001FB534611A2602104A8FCF751
:1036A00065FECDE90246CDE90058FA234FF4DD72FC
:1036B0004946384603F0F0FA1CB0BDE8F087000038
:1036C000C4A3D0CD3ACEB4D6AA000000CAE4B3F663
:1036D0003A25752E25303375205670700000000095
:1036E000CEF3B2EE3A2575206D56000070B59CB051
:1036F00014460E4605003BD00621FFF73FFC032091
:10370000E87233461BA2602104A8FCF72FFE4FF29B
:10371000E751302204A844F21026CDE90021CDE97A
:1037200002604FF4F073F8229221284603F0B4FAB5
:1037300004B913A44FF6FF702A21CDE90010CDE99A
:1037400002644FF416734FF49D729221284603F0E1
:10375000A3FA42F62C5301220CA13C208DE80F0065
:10376000A0234FF4CC7240F2C621284603F072FA2F
:103770001CB070BD455252203078253034580000BE
:10378000CEB4D6AAB4EDCEF300000000C7E5B4ED88
:103790000000000070B506460D464FF47A70B2FB8B
:1037A000F0F100FB11216423B1FBF3F4B2FBF0F361
:1037B0008EB006A2302101A80094FCF7D7FD01AA23
:1037C0002946304600F00AF80EB070BD663D256C03
:1037D000752E256C756B487A000000002DE9F047C6
:1037E00094B016460C465FEA00094DD0642C00D90F
:1037F00064244FF4C27014FB00F06421B0FBF1F0BC
:1038000085B200202C27CDE900704FF4827A40F277
:1038100012284FF4C27352464146484603F0EEFA6E
:103820004DB142F62C50CDE900702B465246414630
:10383000484603F0E3FA234615A2402104A8FCF70A
:1038400095FD04A82625039041F647144FF6FF7115
:103850000095CDE90114B4234FF4A37247464146C5
:10386000484603F019FA002E0ED00DF104084FF26D
:10387000E750009588E851004FF4A5734FF4BE72ED
:103880003946484603F008FA14B0BDE8F087000056
:10389000BDF8B6C83A257525250000002DE9F04F82
:1038A0009DB01D46DDF89CB01646040033D00A4694
:1038B0006421FFF793FF334618A2602104A8009506
:1038C000FCF754FD04AD41F647164FF6FF774FF075
:1038D0002208CDE90265CDE900874FF4B97940F2BD
:1038E000122A4B464FF4D4725146204603F0D4F9C5
:1038F000CDF800B00EA2602104A8269BFCF736FD8F
:10390000CDE90265CDE900874B464FF4E772514699
:10391000204603F0C1F91DB0BDE8F08F523A25757D
:10392000204F686D20204C3A257520754800000016
:10393000433A256C7520704620204552523A257531
:10394000000000002DE9F041064688B08846174681
:10395000104604F0CFFB9FED141B53EC112B04F029
:10396000FDF9CDE90201404604F0C4FB0D460446D2
:1039700045EC100B00F01CF88DED000B45EC104BE6
:103980009DED021B00F08CF88DED040B394640468E
:1039900000F0B0F8ADF81800202269463046FCF778
:1039A0009AFE08B0BDE8F08100000000000024404D
:1039B00010B59FED311B51EC100B2DED068B53EC28
:1039C000112B9FED2BAB04F0E5FB9FED2D0B41EC94
:1039D000180B53EC102B04F0DDFB53EC182B04F008
:1039E000D9FB9FED291B53EC112B04F0AFFD9FED8C
:1039F000280B41EC190B53EC102B51EC180B04F075
:103A0000C9FB41EC100B53EC102B04F0C3FB41EC51
:103A1000180B53EC192B51EC190B04F0BBFB53ECB6
:103A2000182B04F0E7F841EC100B02F099F8B0EE17
:103A3000408AF0EE608AB0EE4A9AF0EE6A9A53EC51
:103A4000192B51EC180B04F069FB06D8B0EE490AAB
:103A5000F0EE690ABDEC068B10BD9FED0F0B53EC29
:103A6000182B51EC100B04F079F941EC100BF1E735
:103A70000000000000000000182D4454FB211940F4
:103A80003A8C30E28E79453E000000000000F03FA5
:103A9000613255302AA9333F000000000000144075
:103AA00010B52DED068BB0EE41AAF0EE61AA9FEDA8
:103AB0000F8BFFF77DFFB0EE409AF0EE609A53EC6B
:103AC000182B51EC190B04F029FB06D8B0EE480A6C
:103AD000F0EE680ABDEC068B10BD53EC192B51ECCF
:103AE0001A0B04F03BF941EC100BF3E70000000067
:103AF0000000000010B504462DED028B084604F0CE
:103B0000F9FA9FED201B53EC112B04F027F941EC3F
:103B1000180B204604F0EEFA41EC100BB0EE481AF8
:103B2000F0EE681AFFF7BCFF9FED181B51EC100B6D
:103B300053EC112B04F02EFB9FED160B41EC180BF0
:103B400053EC102B04F0EAFA03D20020BDEC028BF8
:103B500010BD9FED120B51EC180B53EC102B04F021
:103B6000BFFC02D24FF6FF70F0E79FED0E0B51EC59
:103B7000180B53EC102B04F03DF804F077FA80B2E8
:103B8000E4E7000000000000000024400000000006
:103B900000408F4000000000000000000000000016
:103BA000E0FFEF40000000000000E03F0348017824
:103BB000012902D10021017041707047740000207A
:103BC00005484FF4F571C068884200D90846642161
:103BD000484300F57A7070477400002001488088DF
:103BE00070470000740000200449054A88600020E6
:103BF00010700870487088807047000074000020C2
:103C00009CDE0020004870479CDE002009490878AF
:103C1000022803D0012803D0002070476420704799
:103C2000C8686421484340F2EB11B0FBF1F0C0B228
:103C300070470000740000202DE9F043734C0646E5
:103C40002DED028B89B0207801281DD16069704963
:103C5000301A884202D942F2031064E060780225EB
:103C600001280CD0022814D0032833D004280BD10B
:103C7000684800F09FFA00287ED02570C3E02069D4
:103C8000301A072800D3657009B0BDEC028BBDE87F
:103C9000F083E1686420414301F57A715E4A88014E
:103CA000904203D84FF4FA42904200D21046B0FB43
:103CB000F1F1C900FF2902D84FF4807104E04FF4FC
:103CC0000062914200D91146FCF786FF0028DBD044
:103CD000032099E0FCF75AFF0028D5D1FCF75CFFE0
:103CE0000546FCF771FF4D4A294600F085FEB0EE0F
:103CF000408AFCF751FF0546FCF75EFF474A29461C
:103D0000121F00F079FEE068454DF0EE408A082869
:103D100010D218EE100AA8420CDA18EE900AA84247
:103D200008DA42F2011009B0BDEC028BBDE8F043A5
:103D300003F04CB8A0780127E0BB18EE100AA842A7
:103D400039DBFCF733FF8146FCF726FF8046FCF7A2
:103D50003BFF01A90091314B4A46414600F006FC69
:103D6000A7709DED060AB5EEC00AF1EE10FA22DD4D
:103D7000E0686421484300E041E000F57A7000EE1D
:103D8000900AF8EE600A30EE600AB5EEC00AF1EE75
:103D900010FA01D2B1EE400A9FED221A60EE810ABC
:103DA000F4EEC00AF1EE10FA05D242F2021003F06E
:103DB0000DF869E7FFE718EE100AA84202DA9FED56
:103DC0001A8A04E018EE100AB0F17E5F02DD88EE78
:103DD000880A01E09FED150A0E49E06801EB8001B9
:103DE000401C81ED070AE060B0F5F57F01D90420A1
:103DF0000AE0A068FDF7ECF92661677044E742F23B
:103E0000041002F0E3FF002060703DE77400002022
:103E1000B0AD01009CDE002060AE0A00588E0008A4
:103E200000007041CDCCCC3DD6C63044000000002F
:103E300010B59FED0D0A0D4B00214FF4F57200BF38
:103E400003EB8104491C84ED070A9142F8D9084923
:103E500000221A70CA608A808A7048610861012055
:103E60000870487010BD0000000000009CDE0020BB
:103E700074000020014800787047000074000020A2
:103E800030B587B000241F4805940694049400942C
:103E9000019402941A49039401604FF48031C0E9FF
:103EA00001140461047680F820400903C1620125F1
:103EB000C5614FF0C061C460816280F830504561D7
:103EC000FDF7F0FB08B1FDF705F9062004904FF46B
:103ED0000040CDE9050404A90A48FDF71FFA08B11E
:103EE000FDF7F8F800950195694606480295FDF73B
:103EF000F7FA002801D0FDF7EDF807B030BD00005B
:103F000000200140408100201FB50021154800918C
:103F100001910291124A039102604FF48032C0E98C
:103F200001210161017680F820100F4AC0E90A21C1
:103F30000124C461C16080F830104461FDF7B2FB18
:103F400008B1FDF7C7F80820CDE900046946054827
:103F50000294FDF7C5FA002801D0FDF7BBF81FBD9C
:103F600000210140888100200100000F1CB50024C1
:103F70000C4900940A48019408600846FDF7FDFCCE
:103F800008B1FDF7A7F80420CDE900040022694636
:103F90000448FDF7BAFC002801D0FDF79BF81CBDD2
:103FA0000074004030920020114808B5016841F4C7
:103FB00000110160016801F400110091016841F4F1
:103FC000800101600068002200F48000009001215F
:103FD0001020FEF7E7F81020FEF7D6F800220221A5
:103FE0003820FEF7DFF8BDE808403820FEF7CCB8EF
:103FF00030380240F0B587B014216846FCF79DFBCD
:1040000021480024016841F080010160016801F04D
:1040100080010591016841F001010160016801F032
:1040200001010591016841F002010160016801F0A0
:1040300002010591016841F010010160016801F081
:1040400010010591016841F0200101600068012222
:1040500000F020000D4F5602059031463846FEF71D
:104060002EF81C2001258DE8310069460848FDF72F
:1040700029FF0096CDE90154694638460394FDF7BF
:1040800021FF07B0F0BD00003038024000140240AC
:104090000010024010B586B0002416480094019428
:1040A0000294039404944FF080410594C0E90014F5
:1040B0007721C0E9024104618461FEF7A1FB08B1E8
:1040C000FDF708F84FF48050009069460948FEF764
:1040D00032FC08B1FCF7FEFF2020CDE9040404A95E
:1040E0000448FEF745FB002801D0FCF7F3FF06B0BB
:1040F00010BD0000A49200201CB500240E480094BE
:104100000C490194C0E900144F21C0E902418461C7
:10411000FEF776FB08B1FCF7DDFF2020CDE90004B7
:1041200069460548FEF724FB002801D0FCF7D2FFC2
:104130001CBD000000100040EC9200200C4810B59F
:104140000A4901604FF4E1314160002181600C2295
:10415000C160C0E904128161C161FEF7A3FD0028BE
:1041600003D0BDE81040FCF7B5BF10BD0010014002
:10417000B00000200C4810B50A4901604FF4E1314D
:104180004160002181600C22C160C0E9041281619C
:10419000C161FEF787FD002803D0BDE81040FCF7A1
:1041A00099BF10BD00440040F8000020FEE7FEE784
:1041B000704700002DE9F04F04002DED0E8B8BB001
:1041C0009FED6E8A4FF00009F0EE488A17D000206C
:1041D000207060704FF4F57104EB800292ED070AD5
:1041E000B4EEE80AF1EE10FA01DDF0EE408A401C70
:1041F0008842F1D918EE900A6149884205DC002016
:104200000BB0BDEC0E8BBDE8F08F00259FED5D0A75
:104210005D4F68EE808A07F1F808EE0004EB860037
:1042200090ED070AF4EEC08AF1EE10FA01DDB0EE6F
:10423000680A01F0B3FA07EB850080ED000A30460A
:1042400003F026FB08EB85006D1C80ED000A3E2D77
:10425000E3D3DFED4EAA9FED4EBADFED4EBAF0EE9E
:10426000488A01250DF1080A4FF01A0B9FED4ADA32
:10427000DFED4ADA9FED4AEADFED4AEA9FED4ACAEE
:10428000DFED4ACA06AF4FF00908B7EE008A9FED8E
:1042900048AA00BF3C4ACDE900BAF0EE4D1AB0EE94
:1042A0006D1A1E23F0EE4E0AB0EE6E0AF832364951
:1042B000284602F0C3FDF0EE4C9AB0EE6C9A002650
:1042C000DDED030A9DED040A2F4A80EEA92ACDE90F
:1042D000008760EE091A60EEA90A0923F8322A491C
:1042E000284680EE091AB0EE420A02F0A7FD9DEDC5
:1042F000060ADDED020AB4EEE00AF1EE10FA07D28A
:1043000007A890E80E0003A88DED020A80E80E00D1
:1043100039EEC80AF0EE489A761CF6B240EE0A9AD8
:1043200039EE480AB0EE489A022E00EE0A9AC7D338
:104330009DED020AB4EEEA0AF1EE10FA08D29DED04
:1043400003BADDED04BADDED058AF0EE40AAA94618
:104350006D1CEDB2042D9DD984F8019084ED01BA55
:10436000C4ED02BAB0EE680A01F0A2F884ED030AC7
:10437000204603F07DF90120207041E70000000095
:10438000ACC5273717B7D138ACBC0020CAF2497189
:1043900000401C463333333F000020428FC2F53CBF
:1043A00000409C470000FA44CDCCAC3F3333B33FD0
:1043B0003333B33E30B504002DED028B83B0B0EE45
:1043C000408A2CD0207850B318EE100A2449884235
:1043D00033DB4FF4F575284603F05AFAB4EEC80AF9
:1043E000F1EE10FA29DB9FED1F0A9FED1F1A38EE40
:1043F000400AC0EE010ABCEEE00A10EE100A00EE20
:10440000100AA842B8EE400A70EEC00A0AD304F5BA
:10441000806494EDF10A03B0BDEC028B30BD9FEDDA
:10442000130AF8E704EB800090ED081A90ED070AF4
:1044300031EE401A00EE810AEDE701AA6946B0EEBE
:10444000480A204600F014F89DED000ADDED010A4F
:1044500020EE000A00EEA00A01F0BFFBDBE700003F
:1044600000007A4400007A440000C84200000000C6
:1044700010B500291FD0002A1DD000289FED361A44
:1044800081ED001A82ED001A15D00378002B12D0AE
:10449000D0ED011AF5EEC01AF1EE10FA0BD9B5EE17
:1044A000C00AF1EE10FA0CD84278012A04D0042A8E
:1044B00002D081ED001A10BD90ED030A81ED000AD3
:1044C00010BDDFED260AB7EE003A254C61EEA01ACA
:1044D00020EE200AF0EE430A80EE212A90ED020A37
:1044E000C2EE001A42EE420AF0EE602A22EEA20A62
:1044F00001EEA10A10EE103AA34201DA9FED190A6B
:104500004378012B04D0022B05D0032B0AD105E000
:10451000F0EE430A06E062EE420A03E0F0EE410AE2
:10452000B0EE611A20EEA22A90ED033A01EE212AA4
:1045300021EE221A00EEE11A22EE032A82EE003A60
:1045400081ED003AD0ED030A61EE200A80EE801A78
:1045500082ED001A10BD000000000000DB0FC94012
:10456000CCBC8C2BCCBC8C2B704700002DE9F047C9
:104570001F002DED028B88B09046129C8946824622
:1045800002D097ED008A01E0B7EE008A00204FF4D8
:1045900080660490002C6CD09FED5C0ABAF1000F8D
:1045A00084ED020A84ED010A84ED000A84ED040A18
:1045B00084ED030A84ED050A2083A076A08358D0F9
:1045C000B9F1400F55D3B8F1000F52D006A905A894
:1045D000CDE9000103AB02AAB0EE480A49465046B5
:1045E00002F05CFF9DED020AF6EE008A84ED000AFF
:1045F0009DED030A84ED010ADDED050AC4ED030A11
:10460000DDED060AC4ED040ADDED020A30EE801A83
:1046100030EE600ADFED3E0A61EE281A20EE200A35
:1046200081EE881AC0EE080A10EE900AB0F1814FB0
:1046300001DAF1EE000A04ABB0EE410A4246494607
:10464000504602F015FD84ED050A0498B0F5803F50
:1046500001D34FF6FF70B5EEC00AA083F1EE10FA59
:104660000CD89DED030ADDED020A30EE600A84ED00
:10467000020A08B0BDEC028BBDE8F087254DCDE9FC
:1046800000563B4642464946504600F045F895EDF7
:10469000000A0120F0EE400A05EB800191ED001ABE
:1046A000B4EEC01AF1EE10FA01D2B0EE410AB4EE47
:1046B000E01AF1EE10FA01DDF0EE410A3146401C3D
:1046C0008842E9D330EEC01A0022104684ED021A67
:1046D00030EE201A21EE281A05EB8003D3ED001AE4
:1046E000F4EEC11AF1EE10FA00DD521C401C8842B3
:1046F000F2D34FF47A404243100C208394ED041A15
:10470000044801F0F1FFA076B3E7000000000000CC
:104710008FC2753DACAC00202DE9F04F8B462DEDDE
:104720000A8B83B0B0EE40AA82464FF00009DDE963
:10473000168513B193ED00BA01E0B7EE00BA9FED14
:10474000588BBAF1000F14D05FEA080011D085B180
:10475000B5F5806F0DD8B5EEC0AAF1EE10FA08D904
:104760003AB1514E002006F58054DFED50AA0146C3
:104770000DE0002003B0BDEC0A8BBDE8F08F00BF58
:1047800006EB8003C3ED00AA24F81010401CA842D9
:10479000F6D3104603F0AEFC41EC1C0B284603F0A8
:1047A000A9FCCDE9000141EC190B1AEE100A04F046
:1047B0008FF853EC192B03F0EDFC53EC1C2B03F09A
:1047C000CDFA41EC190B00273DE000BF51EC180B6E
:1047D00003F04CFCB0FBF5F13AF8172005FB110093
:1047E00000EE102A06EB80014FF6FF72B8EE400A89
:1047F000D1ED000A30EE800A81ED000A34F8101085
:10480000914202D2491C24F8101053EC192B51ECA0
:10481000180B03F0EFF99FED260B41EC180B53EC4E
:10482000102B03F05DFE0DD8DDE9000141EC110B0A
:10483000B0EE480AF0EE680A00F02EFFB0EE408AB3
:10484000F0EE608A7F1C5F45C0D3002023E000BFEC
:1048500034F8101091B100EE101A06EB800208EB4C
:104860008001B8EE401AD2ED000A09F1010980EE8C
:10487000810A20EE0B0A81ED000A0BE020B108EB63
:10488000800111ED010A01E0B0EE6A0A08EB800137
:1048900081ED000A401CA842DAD348466AE70000CE
:1048A0000000000000000000AC94002000000000A8
:1048B0000000000065CDCD412DE9F04F9A462DED69
:1048C0000A8B83B091460E465FEA0008DDF858B0C7
:1048D0007ED0BAF1000F7BD05FEA0B007ED0002EB5
:1048E0007CD0002478E09FED409B3046B0EE498AB2
:1048F000F0EE698A03F0FEFBCDE9000141EC1A0BF2
:10490000204603F0F7FB9FED3A1B53EC112B03F00D
:1049100041FC53EC1A2B03F021FA41EC1B0B002550
:1049200039E0284603F0E6FB53EC1B2B03F032FC86
:1049300041EC1A0BB0EE4A0AF0EE6A0A00F0ACFC49
:1049400008EB8507B0EE40CAF0EE60CA386803F0A5
:10495000BFFF53EC1C2B03F01DFC53EC192B03F091
:1049600049F941EC190BB0EE4A0AF0EE6A0A00F080
:10497000CBFFB0EE40AAF0EE60AA386803F0A8FFC3
:1049800053EC1A2B03F006FC53EC182B03F0DEFD5E
:1049900041EC180B6D1CB542C3D3DDE9000141ECBD
:1049A000100B51EC190B53EC102B03F0D7F903F05B
:1049B000EFF84AF82400DDE9000141EC100B51EC5E
:1049C000180B53EC102B03F0C9F903F0E1F800E0E9
:1049D00004E04BF82400641C4C4584D903B0BDECC2
:1049E0000A8BBDE8F08F000000000000000000000E
:1049F000182D4454FB21194010B586B040B139B18F
:104A000002AC05ABCDE9003432B192ED000A05E00D
:104A10009FED060A06B010BDB7EE000A04AB03AA6C
:104A200002F03CFD9DED020AF4E7000000000000EA
:104A300032211930B0FBF1F000EBC00101EB0010A6
:104A40004FF6FF7101EA4000642801D264207047EC
:104A50004FF461718842FAD90846704710EE100A87
:104A60001A4908441A4988422DD2C8219FED191AC3
:104A70004BF66972C0EE010AB6EE001A70EE810ABA
:104A8000FCEEE00A10EE900A4843A0F57A719142DC
:104A900019D200EE900AF8EE600A30EE600AB5EE28
:104AA000C00AF1EE10FA01D2B1EE400A00EE900A0F
:104AB0009FED091AF8EE600A60EE810AF4EEC00A72
:104AC000F1EE10FA00DA0020704700000000B8BBD9
:104AD00001200303000048438FC2753CFDF7FABA7A
:104AE00030B593B030216846FBF727FE14210CA89F
:104AF000FBF723FE1C480025016841F0805101604E
:104B0000006800F0805011901848016841F480411D
:104B100001600068022400F48040119001200090A0
:104B2000000401908001CDE9064008AA0420542128
:104B300082E813000B906846FDF750FC08B172B68E
:104B4000FEE70CA90F2081E831004FF48050CDE939
:104B50000F0502210CA8FDF757FB002801D072B603
:104B6000FEE713B030BD0000403802400070004046
:104B70000248016841F470010160704788ED00E06F
:104B8000F0B50268274B284D284E294F294C4FF08D
:104B9000804C984209D0604507D0A84205D0B04269
:104BA00003D0B84201D0A04204D122F0700E4A686E
:104BB00042EA0E0298421BD0604519D0A84217D095
:104BC000B04215D0B84213D0A04211D01A4DA8421D
:104BD0000ED01A4DA8420BD0194DA84208D0194D3D
:104BE000A84205D0184DA84202D0184DA84203D1C2
:104BF00022F44075CA682A434D6922F080022A4394
:104C00008D68C5620D688562984201D0A04201D1CD
:104C100009690163016841F00401016001214161FA
:104C20000260F0BD000001400004004000080040A8
:104C3000000C0040000401400040014000440140DD
:104C40000048014000180040001C004000200040C7
:104C500010B5846842EA032224F47F440A432243C5
:104C6000826010BD826822F070020A4342F00701A0
:104C70008160704710B5036A046A24F0010404627D
:104C8000846924F0F00444EA021423F00A020A437F
:104C90008461026210BD10B5036A046A24F0100436
:104CA0000462846923F0A00324F4704444EA0232CD
:104CB00043EA01118261016210BD10B5806B0021D1
:104CC000C185FDF7A7FE10BD01680C3151E8002F2A
:104CD00022F4907241E80023002BF5D101681431D1
:104CE00051E8002F22F0010241E80023002BF5D10A
:104CF000016B012909D101680C3151E8002F22F024
:104D0000100241E80023002BF5D1202180F8421049
:104D100000210163704708B590F84210222901D0A4
:104D2000022008BD82684FF480539A4201D1016984
:104D300021B1816A9A421BD04AB10AE00268816AB5
:104D40005268C2F308020A80816A891C08E002697D
:104D500072B10268526802F07F020A70816A491CCF
:104D60008162C18D491E0904090CC18503D01BE075
:104D700002685268F1E70168CA6822F02002CA603E
:104D80000168CA6822F48072CA6001684A6922F028
:104D900001024A61202180F8421000214163026B28
:104DA000012A03D0FEF71CF8002008BD016301684A
:104DB0000C3151E8002F22F0100241E80023002BB3
:104DC000F5D101680A68D20602D50A6849680091DF
:104DD000818DFDF71EFEE7E770B5044600680169A6
:104DE000E26821F44051114301612169A068E26940
:104DF00008436169114308432168CA6849F20C639A
:104E00009A430243CA6020684169A26921F4407153
:104E10001143416131492068884202D030498842BB
:104E200002D1FDF79BFA01E0FDF788FAE269002361
:104E3000192164253226B2F5004F626828D0A0FB04
:104E40000101930F9200FBF719FA0146B0FBF5F050
:104E50006FF01802504301EB800006EB0010B0FB2E
:104E6000F5F000F0F002B1FBF5F002EB0012B1FB3F
:104E7000F5F06FF01803584301EB800006EB0010CB
:104E8000B0FBF5F000F00F0021681044886070BDA1
:104E9000A0FB010192185B41FBF7F0F90146B0FB62
:104EA000F5F00201B1FBF5F06FF01803584301EB88
:104EB000800006EBC000B0FBF5F000F0F80002EB5C
:104EC0004002B1FBF5F0584301EB800006EBC00057
:104ED000B0FBF5F000F00700D6E70000001001403D
:104EE0000014014081628285C28500214164222133
:104EF00080F84210016921B10168CA6842F48072E9
:104F0000CA6001684A6942F001024A610068C168EA
:104F100041F02001C160002070472DE9F843984618
:104F200017460D460446089E24E0701C22D0FDF76B
:104F3000CBF8A0EB0800B0421AD8CEB12068C16807
:104F4000490717D5802D15D0402D13D00168C943CE
:104F500009070FD401680025406800902046FFF73C
:104F6000B3FE0820606484F840500120BDE8F88357
:104F70000320FBE72068006835EA000004D0002029
:104F8000B842D2D00020F1E70120F9E70148FDF74F
:104F900049BD0000B00000200148FDF743BD0000FE
:104FA000F8000020FEE700002DE9F041054600EE84
:104FB000105A2DED048BF6EE000AB8EE400ADFED34
:104FC000128A9FED129A124E20EE208A00244FF48E
:104FD000805700BF00EE104AB8EE400A20EE280AC3
:104FE00020EE090A00F0F4FC20EE080A02F0D4F8E2
:104FF00026F81400641CBC42ECD306484580BDEC86
:10500000048BBDE8F0810000DB0FC940000080394F
:105010009CBE0020680000202DE9F041064600EE0D
:10502000106A08034FF47A71B8EE400AB0FBF1F44D
:10503000F6EE000A2DED028B20EE208A4FF4805709
:1050400024B1BC4204D37C1E002504E00124FBE70C
:105050000025A54202D2B0EE480A01E0B1EE480AAE
:1050600002F09AF8054921F815006D1CBD42F0D3F5
:1050700003484680BDEC028BBDE8F0819CBE002059
:1050800068000020034910B100204860012008702A
:105090007047000068000020F0B5114A5468956818
:1050A000002810D013781BB115B100230D4E12E06B
:1050B00000234FF4006402E020F813405B1C8B4295
:1050C000FAD300205060F0BD270D2C4436F817703D
:1050D00020F813705B1C8B42F6D35460F0BD0000C7
:1050E000680000209CBE0020014800787047000046
:1050F000680000202DE9F041DFED391A0D462DED55
:10510000028B060068D0022D66D396ED000A0120BE
:10511000F0EE400A13E000BF06EB800191ED001AAB
:10512000B4EEC01AF1EE10FA01D2B0EE410AB4EEBC
:10513000E01AF1EE10FA01DDF0EE410A401CA8423F
:10514000EAD330EEC00AB5EEC00AF1EE10FA02D290
:10515000B0EE610A06E010EE100A2249884201DD35
:105160009FED210A21499FED228ABCEEC00A214F02
:10517000002410EE100A4FF48058488000EE104AC8
:10518000F8EE400A00EE105AB8EE400A20EE800A0F
:1051900060EE080ABCEEE00A10EE100A411CB1FBFA
:1051A000F5F200EE100A05FB1211B8EE400A06EB0C
:1051B000810106EB800091ED001A70EEC00A90EDBF
:1051C000000A31EE401A00EE810A01F0E5FF27F8EF
:1051D0001400641C4445D1D3BDEC028BBDE8F081C2
:1051E0000000000000FF7F4700FF7F4768000020AD
:1051F000000080399CBE002010B501460023034A00
:105200001846FBF73BF80249886010BD80BA953E0E
:1052100068000020014840887047000068000020B6
:1052200003B401984100009850EAC12018BF04203F
:105230004A0D18BF40F0010040F2FF72B2EB515F1F
:1052400008BF40F00200012808BF052002B07047E7
:105250004100080218BF04200A0E18BF40F00100E8
:105260004FF07F4232EA010108BF40F002000128FE
:1052700008BF052070470907090E002804DB00F16C
:10528000E02080F80014704700F00F0000F1E020EB
:1052900080F8141D7047000010B52F499FED2C1B9E
:1052A0002DED020B84B0059820F000408842D8BF55
:1052B0009DED040B2DDD2949884209D1049840B9A0
:1052C0004FF00100FBF768FA01F09AF806B010BD44
:1052D00005DB9DED040B01F087F806B010BD6846B4
:1052E0009DED040B00F098FC10F0030004BF9DED51
:1052F000021B9DED000B0CD001280ED09DED021B72
:105300009DED000B022817D0012000F0D5FF06B05C
:1053100010BD00F09DFE06B010BD9DED021B9DED81
:10532000000B012000F0C8FF51EC100B02F024FC30
:1053300006B041EC100B10BD00F08AFE51EC100BD2
:1053400002F01AFC06B041EC100B10BD000000008A
:105350000000000000000000FB21E93F0000F07F9A
:1053600010EE101A08B5444A6846B2EB410F28D92E
:105370004FF0E640B0EB410F94BF00204FF0FF30FC
:1053800000900098002861DB60EE000A10F0010F29
:1053900045D010F0020FDFED391A9FED391A00EEFB
:1053A000E11ADFED381A40EE811A21EEA01AF0EE74
:1053B000400A40EE010A08BFF1EE600AB0EE600A52
:1053C00008BD314B21F0004293423CD911F0004F0F
:1053D000DFED2E0A20EE201ADFED2D0A19BF31EE87
:1053E000601A71EE200A31EE201A71EE600ABDEEED
:1053F000E01A11EE100A9FED271A00F0030000EEEC
:10540000C10A9FED251A009000EEC10A9FED231AF4
:1054100000EEC10A9FED221A00EEC10AB1E79FED2E
:10542000211A9FED210A10F0020F00EE810A9FED74
:105430001F1A00EE801AB7EE000A00EE810A18BFAC
:10544000B1EE400A08BD01F021F89AE710EE100A0B
:105450004000B0F17F4F3CBFB7EE000A08BD07D156
:105460004FF00100FBF798F9BDE8084000F0F6BFE7
:10547000BDE8084000F0EEBFB61F927E336D4C3998
:10548000DA82083CA0AA2ABE490E494683F9223F87
:105490000000004B0000C93F00A0FD390020A233EE
:1054A0001A61342CB93AB2BACA9F2A3DDDFFFFBE59
:1054B00010B510EE104A4FF019406849002200EB79
:1054C00044002DED028B884257D8DFED650A14F0B9
:1054D000004F60EE200A14BFBEEE001AB6EE001AAE
:1054E00071EE200AFDEEE00A10EE900A00EE900A3E
:1054F000F8EEE00A9FED5B1A00EEC10A9FED5A1A22
:1055000000EEC10ADFED590A9FED591A00EE201A8C
:10551000DFED580A40EE010A9FED571A574B00F095
:10552000030100EE201A21EE000A7B4403EB810305
:10553000D3ED000A524B7B4403EB810393ED001A39
:10554000504B41EE000A7B4403EB8101801091ED4A
:10555000000A70EE800AEABB00EE100AB8EEC01A2C
:10556000DFED491A9FED490ABDEC028B01EE210ADD
:10557000BCEEC00A20EE200A10BD4FF0FF40A04351
:105580001BD04FF0CE40B0EB440F82BFB7EE000A05
:10559000BDEC028B10BD3E48B0EB440F28BF01228A
:1055A00093D20220FBF7F8F814F0004F15D0BDECB1
:1055B000028BBDE8104000F061BF14F5000F02BF80
:1055C0009FED340ABDEC028B10BDBDEC028BBDE833
:1055D000104000E007E000F03DBFBDEC028BBDE8ED
:1055E000104000F043BF00EBD07359104FF07E52D3
:1055F00002EBC15100EE101AA0EB630002EBC050A9
:1056000060EE200A00EE100A20EE208A18EE100A42
:1056100088B118EE100AB0F1FF4F15D018EE100A3D
:10562000FFF716FE042808BF00F028FFB0EE480A76
:10563000BDEC028B10BD0220FBF7AEF8BDEC028B77
:10564000BDE8104000F01ABF0220FBF7A5F8BDEC42
:10565000028BBDE8104000F009BF00000000501EA2
:105660003BAAB8400070313EF4FD053712BB2A3D1D
:1056700012BB2A3EFFFFFF3EFFFF7F3F963900002F
:105680009A3900006A3900000000004B00007E4E8D
:105690000000A0850000000010B52DED040B86B0C1
:1056A0009DED060B10EE100A10EE901A8DED000B1A
:1056B000002818BF0120084320F00040C0F17F609F
:1056C00000F1E040C00F21D19DED080B10EE101A43
:1056D00010EE900A8DED000B002918BF0121084340
:1056E00020F00040C0F17F6000F1E040C00F0DD11C
:1056F00029490798B1EB400F04BF0698002842D013
:105700000998400004BF089800283CD09DED080B84
:1057100053EC102B9DED060B51EC100B02F032FEFA
:10572000CDE902019DED020B40F2FF7110EE900AEF
:105730008DED000B31EA105021D00798039900F04D
:10574000004001F00041884219D09DED080B8DED1D
:10575000040B9DED020B8DED000B10EE900A0599E8
:1057600061F31E0005909DED041B9DED020B51ECB5
:10577000110B53EC102B02F0E9FECDE902019DED77
:10578000020B0AB010BD0120FBF706F80AB0BDE815
:10579000104000F035BE00000000E0FF10EE100ADF
:1057A00010B50023A0F50001B1F1FE4F67D200BF94
:1057B00000F500216FF07E0202EBE15CC1F30252C2
:1057C0004FF07E5101EB025100EE901AA0EBCC504D
:1057D00003EB0C0100EE100A51EA020036D030EE65
:1057E000601A70EE200A9FED3D2A3E4881EE200AA5
:1057F0009FED3B1A60EE000A00EE821A60EE201A5E
:1058000061EE810A784401EE101A00EB82009FEDF0
:10581000362AB8EEC11AD0ED001A344841EE021A09
:10582000784401EE101A00EB8200B8EEC11A90ED38
:10583000002ADFED2F2A01EE222AB0EE001A72EEC6
:10584000200A40EE010A31EEA00A10BDF7EE000A70
:105850009FED291A30EE600ADFED260A00EE201ACD
:10586000DFED260A60EE001A40EE010A9FED241AD1
:1058700000EE201A61EE810A30EE200A10BD4FF0D2
:105880007F41B1EB400F03D2BDE8104000F0E2BD14
:10589000B0F1FF4F08BF10BDB5EEC00AF1EE10FA2F
:1058A00006D20120FAF778FFBDE8104000F0D6BD1F
:1058B000B5EEC00AF1EE10FA07D10220FAF76CFF3C
:1058C00000F0BEFDB1EE400A10BDDFED0E0A6FF034
:1058D000160320EE200A10EE100A69E766F1CC3EAE
:1058E000AAAA2A3FDC3600000070313FE0360000F3
:1058F000F4FD053821ED423E0A1180BEC1ABAA3E3F
:10590000FFFFFFBE0000004B10B52F499FED2C1B81
:105910002DED020B84B0059820F000408842DCBFDA
:1059200000209DED040B32DD2849884209D10498FE
:1059300040B94FF00100FAF72FFF00F061FD06B00B
:1059400010BD05DB9DED040B00F04EFD06B010BD53
:1059500068469DED040B00F05FF910F0030011D0D4
:10596000012818D09DED021B9DED000B02281AD0D6
:1059700000F06EFB51EC100B02F0FEF806B041ECAB
:10598000100B10BD9DED021B9DED000B012000F0E2
:1059900093FC06B010BD9DED021B9DED000B00F0C9
:1059A00057FB06B010BD012000F086FC51EC100B37
:1059B00002F0E2F806B041EC100B10BD0000000050
:1059C0000000000000000000FB21E93F0000F07F24
:1059D00000B510EE101A2DED028B81B0524A6846C8
:1059E000B2EB410F2ED94FF0E640B0EB410F94BF20
:1059F00000204FF0FF3000900098B0EE408A002861
:105A00006ADB10F0010F4BD068EE080A9FED471AD1
:105A10009FED470A00EE810A9FED461A10F0020F33
:105A200000EE801AB7EE000A00EE810A02BF01B054
:105A3000BDEC028B00BD00BF01B0B1EE400ABDEC71
:105A4000028B00BD3C4B21F00042934241D911F042
:105A5000004FDFED3A0A20EE201ADFED390A19BFB8
:105A600031EE601A71EE200A31EE201A71EE600AF2
:105A7000BDEEE01A11EE100A9FED321A00F003009D
:105A800000EEC10A9FED301A009000EEC10A9FEDB2
:105A90002F1A00EEC10A9FED2E1A00EEC10AABE7E5
:105AA00028EE080A9FED2B1ADFED2B0A10F0020FEB
:105AB00040EE410A9FED291A00EE201A61EE000A1D
:105AC000B0EE480A08EE200AB6D101B0BDEC028B58
:105AD00000BD00F0DBFC8FE718EE100A4000B0F1CB
:105AE0007F4F0DD218EE100AFFF7B2FB042808BF53
:105AF00000F0C4FCB0EE480A01B0BDEC028B00BD62
:105B000009D10120FAF748FE01B0BDEC028B5DF827
:105B100004EB00F0A3BC01B0B0EE480ABDEC028B70
:105B20005DF804EB00F096BCB61F927EB93AB2BAAB
:105B3000CA9F2A3DDDFFFFBE490E494683F9223F39
:105B40000000004B0000C93F00A0FD390020A23337
:105B50001A61342C336D4C39DA82083CA0AA2ABE73
:105B600000B52DED048BB0EE409AF0EE609A83B054
:105B700051EC190B02F0F6FC41EC180B18EE100A70
:105B800018EE901A8DED008B002818BF01200843F5
:105B900020F00040C0F17F6000F1E040C00F14D061
:105BA00019EE101A19EE900A8DED009B002918BF0E
:105BB0000121084320F00040C0F17F6000F1E04087
:105BC000C00F04BF0120FAF7E7FDB0EE480A03B0AA
:105BD000F0EE680ABDEC048B00BD10B52DED028B14
:105BE000B1EEC08A18EE100A20F00040C0F1FF406C
:105BF000C00F0AD010EE100A20F00040C0F1FF40A4
:105C0000C00F04BF0120FAF7C7FDB0EE480ABDEC93
:105C1000028B10BD000000002DE9F14F04462DED70
:105C2000020B2DED088B8AB09FEDE70B80ED020B88
:105C3000139EE74826F0004585420ADC9DED120BD5
:105C4000002084ED000B0AB0BDEC088B03B0BDE86A
:105C5000F08FE0489FEDE0AB9FEDE1BBA84247DD50
:105C6000E14F9FEDE39B9FEDE48B9DED120B53EC19
:105C70001A2B51EC100B002E1CDD02F03FFD41EC05
:105C8000100BBD4208D053EC1B2B51EC100B02F053
:105C900035FDC4E900010BE053EC192B51EC100B5E
:105CA00002F02CFD53EC182B02F028FDC4E9000192
:105CB0000120C8E701F09EFF41EC100BBD4208D067
:105CC00053EC1B2B51EC100B01F094FFC4E90001C5
:105CD0000BE053EC192B51EC100B01F08BFF53EC44
:105CE000182B01F087FFC4E900014FF0FF30AAE74D
:105CF000C348A84279DB9DED120B51EC100B01F06B
:105D000059F841EC180B9FEDC00B53EC102B02F02F
:105D100041FA9FEDBF1B53EC112B01F06BFF02F01A
:105D200075F9074602F0CFF941EC190B53EC1A2B29
:105D300002F030FA53EC182B02F008FC41EC180B7F
:105D400053EC1B2B51EC190B02F024FADFF8C8A21C
:105D500041EC100B4FEA15580125FA4453EC102B77
:105D600051EC180B02F0CAFC032DC4E900013DD030
:105D7000C1F30A5005EB4511A8EB0000113981422F
:105D800034DA0AEB051BB0EE48AA9BED000BF0EEEF
:105D900068AA53EC102B51EC190B02F0FBF941EC03
:105DA0001B0B51EC1A0B53EC1B2B02F0A7FC41EC24
:105DB000180B51EC1A0B53EC182B02F09FFC53EC10
:105DC0001B2B02F09BFC9BED020B41EC1A0B53ECDE
:105DD000102B51EC190B02F0DDF953EC1A2B02F0E9
:105DE0008DFC41EC100B6D1CB8E70EE0002EA8BF37
:105DF0003846BFF628AF94ED000B51EC100B01F0C4
:105E0000BBFEC4E9000178421DE7C6F3130040F46D
:105E1000801EC6F30A50A0F2F530471100F01F05AE
:105E2000C5F12000DDF848B00890002006900790EA
:105E30000520EC467949002D07EB0002794408BFA4
:105E400051F8221009D051F8223001EB8201AB4009
:105E50004A68089922FA01F11943A1FB0E26A1FB19
:105E60000B131A449A4234BF0123002303EB0608A4
:105E70000CEB8003D3E901A60E448E4234BF01210E
:105E8000002192448A4411B1924502D903E092451F
:105E900001D2012100E00021C3E901A641444CF8F0
:105EA0002010011EA0F10100C4DC029800F1005096
:105EB000850F0298DDE903678000DDF8148002F0A9
:105EC00002F941EC1A0B304602F014F99FED541B15
:105ED00053EC112B02F05EF941EC1B0B384602F03B
:105EE00009F99FED511B53EC112B02F053F941ECD2
:105EF000180B404602F0FEF89FED4D1B53EC112BA2
:105F000002F048F941EC190B51EC180B53EC192B2A
:105F100001F070FE53EC1B2B01F06CFE53EC1A2BBE
:105F200001F068FECDE90801002008909DED080B06
:105F300053EC1A2B51EC100B02F0E0FB53EC1B2B33
:105F400002F0DCFB53EC182B02F0D8FB53EC192BBE
:105F500002F0FCFA9FED381B53EC112B02F01AF9FA
:105F60009FED370B41EC180B53EC102B9DED080BFC
:105F700051EC100B02F00EF953EC182B01F03AFE25
:105F80009FED310B41EC180B53EC102B9DED080BE2
:105F900051EC100B02F0FEF853EC182B01F02AFE26
:105FA00041EC100B139810F0004F06D06D4251ECED
:105FB000100B01F0E1FD41EC100B284684ED000BC5
:105FC00041E60000000000000000000000000000AA
:105FD000FB21E93F7CD9024000004054FB21F93FFE
:105FE0003163621A61B4D03DFB21F93F000000002B
:105FF0000000601A61B4D03D7370032E8A19A33B70
:10600000FB2139410000000083C8C96D305FE43FC7
:10601000000000000000E03FFA31000048310000BD
:10602000000000000000103E000000000000103CD6
:10603000000000000000103A182D4454FB21F93DE7
:106040003326A611460B113C00000054FB21F93DFC
:1060500010B52DED040B2DED088B82B0B0EE419AFA
:10606000F0EE619A0B9820F000449FED4BABB4F139
:10607000795F11DA9DED0A0B51EC100B01F0C6FFB0
:10608000002801BFB0EE4A0AF0EE6A0A02B0BDEC89
:10609000088B04BF04B010BD9DED0A0B53EC102B10
:1060A00051EC100B02F076F841EC180B3C4806213D
:1060B000B0EE480AF0EE680A784400F081F853EC3C
:1060C000182B51EC100B02F065F89DED0A0B41EC1A
:1060D0001B0B53EC192B51EC100B02F05BF841EC4D
:1060E000190B53EC1B2B51EC180B02F053F853EC2B
:1060F000192B02F003FB9FED2C0B41EC190B53EC19
:10610000102B51EC180B02F045F841EC100B28480D
:10611000844210DA53EC192B51EC100B02F0EEFA1A
:1061200053EC1A2B02F012FA41EC100B02B0BDEC4A
:10613000088B04B010BD1F48A042BCBF9FED1E1BC2
:106140008DED001B06DBA4F50010019000200090EF
:106150009DED001B51EC100B53EC112B02F0CEFA0D
:106160009DED000B41EC180B53EC102B51EC1A0B6E
:1061700002F0C4FA41EC1A0B53EC192B51EC180B3A
:1061800002F0BCFA53EC1A2B02F0E0F941EC100BD0
:10619000CCE7000000000000000000000000F03F1D
:1061A0006C2E000000000000000000000000E03F36
:1061B0003333D33F0000E93F000000000000D23F2E
:1061C00070B504462DED028B4D1E00EBC500B0EE00
:1061D000408AF0EE608A90ED000B35F0060017D093
:1061E00053EC182B51EC100B01F0D4FF41EC100BC9
:1061F0006D1E04EBC50090ED001B51EC100B53EC31
:10620000112B01F0F7FC41EC100B35F00600E7D143
:10621000022D36D0042D1CD0062D1CBFBDEC028BE8
:1062200070BD53EC182B51EC100B01F0B3FF94ED43
:106230000A1B53EC112B01F0DDFC53EC182B01F081
:10624000A9FF94ED081B53EC112B01F0D3FC41EC9A
:10625000100B53EC182B51EC100B01F09BFF94ED3D
:10626000061B53EC112B01F0C5FC53EC182B01F06D
:1062700091FF94ED040B53EC102B01F0BBFC41ECAF
:10628000100B53EC182B51EC100B01F083FF94ED25
:10629000021B53EC112B01F0ADFC53EC182B01F059
:1062A00079FF94ED001B53EC112B01F0A3FCBDEC26
:1062B000028B41EC100B70BD31B504462DED040B83
:1062C0002DED0A8BB0EE41BAF0EE61BA0B989DED60
:1062D0000A0B20F00040B0F1795F0DDA51EC100BA1
:1062E000FEF79EFF042808BF00F09AF89DED0A0B08
:1062F000BDEC0A8B05B030BD53EC102B51EC100BEC
:1063000001F048FF41EC180B9DED0A0B53EC182BE4
:1063100051EC100B01F03EFF41EC190B2C48B0EE94
:10632000480AF0EE680A05217844FFF749FF9FED1F
:106330002ACBB0EE40AAF0EE60AA9CB353EC1C2B23
:1063400051EC190B01F026FF41EC1C0B53EC1A2BFE
:1063500051EC190B01F01EFF9FED210B41EC190BC5
:1063600053EC102B51EC1B0B01F014FF53EC192BC9
:1063700002F0C4F953EC182B01F00CFF53EC1B2B6B
:1063800002F0BCF953EC1C2B02F0B8F99DED0A1B8E
:1063900053EC112B02F0DAF8BDEC0A8B05B041EC9E
:1063A000100B30BDFFE753EC1A2B51EC180B01F02A
:1063B000F1FE53EC1C2B01F01DFC53EC192B01F0EA
:1063C000E9FE9DED0A1B53EC112B01F013FCE3E7F2
:1063D000142D000000000000495555555555C5BF06
:1063E000000000000000E03F10B553EC102B51EC12
:1063F000100B01F0FFFB41EC100B10BD0000000082
:106400009FED050B10B553EC102B51EC100B01F068
:10641000A5FC41EC100B10BD0000000000000000C6
:106420009FED050B10B553EC102B51EC100B01F048
:10643000B1FE41EC100B10BD000000000000001088
:10644000DFED030AB7EE001A81EE200A7047000064
:106450000000000030EE000A70470000DFED020A85
:1064600080EEA00A70470000000000009FED020AC5
:1064700020EE000A70470000000000709FED020A45
:1064800020EE000A70470000000000102DE9F00126
:106490004FF07F42B2EB410F9FBF4FF0FF310160E1
:1064A000BDE8F00170474FF0004242EA0123C1F31A
:1064B000C752783A551112F01F0C434CCCF120060C
:1064C0007C44C1F3C752A2F178024FEA621204EB96
:1064D000820254F8254008BFD2E9015612D055680F
:1064E00004FA0CF425FA06F73C43976805FA0CF514
:1064F00027FA06F8D26807FA0CFCF24045EA0805CC
:106500004CEA0206A4FB034CA5FB0352A6FB036363
:106510001D449D4234BF012600261319334416B191
:10652000934202D903E0934201D2012200E000220B
:10653000624402F1200C9206DC0C42EA443200EE86
:10654000102A5B03DFED210AF8EEC01A00EE103AC4
:106550004FEA9C1C11F0004FB8EE400AC0F800C092
:1065600020EE201A00EE105ADFED190AB8EE400AAC
:1065700020EE200A71EE810A70EE800A10EE902A59
:1065800002F500626FF30B0200EE902A70EEE11A42
:1065900031EEC11ADFED101A30EE411A9FED0D0AEF
:1065A00020EE800A01EE210A9FED0C1A00EE810A0E
:1065B00004BFBDE8F0017047CCF180510160BDE837
:1065C000F001B1EE400A70475C2B0000000000367D
:1065D0000000802C22AAFD29DB0FC92F0000C92F43
:1065E00030380A2801D2012070470020704700008F
:1065F00070B50D460646144601210748FCF7BEFC5F
:1066000001210548FCF7DAFC23462A463146BDE85D
:1066100070400148FCF774BE4C94002010B504464D
:106620002DED048B80EE209AF7EE009AB0EE698A89
:10663000C9EE018A09EE498A28EE080A08EEA80A7E
:10664000FFF7CBFA012C1AD0022C1BD0032C1CD044
:10665000B0EEC88A10EE100A0D49884201DA9FEDAB
:106660000D0A0D49C8EE000A10EE900A884201DAC0
:10667000DFED0A0ABDEC048BB0EE600A10BDB0EE8F
:10668000698AE7E729EE098AE4E7B0EE688AE1E77C
:106690005F7089305F708930BD378635BD3786358C
:1066A000F0B50F498878002819D14878002816D00D
:1066B0000C4C002004F5804504F5C0468B680AE0C8
:1066C00054F82020C2F30B0725F81070C2F30B42D8
:1066D00026F81020401C9842F2D301208870F0BDAB
:1066E0000C0000204001002070EEC01A30EE802A1D
:1066F00010B5F6EE002A11EE903A22EE223A354C11
:1067000000229FED332AA34204DB11EE103A324CF3
:10671000A34201DA002010BDDFED302A002341EE54
:10672000E20A01EEA20A1FE000EB8304D4ED002A86
:1067300072EEC31AF5EEC01AF1EE10FA01D2F1EEC4
:10674000611AF4EEC21AF1EE10FA01DDB0EE612A20
:10675000F4EEE20AF1EE10FA04D3B4EEE20AF1EE3E
:1067600010FA00DD521C5B1C8B42DDD311EE100AC7
:10677000B0F17E5F02DD82EE010A01E09FED180AB2
:1067800000EE901A9FED171AF8EE600A20EE811ABB
:1067900000EE902AF8EE600AB4EEE01AF1EE10FA7C
:1067A00001D2022010BD10EE100A0F4908440F4913
:1067B000884201D2012010BD10EE100A0C49084495
:1067C0000C49884201D2032010BD042010BD0000F6
:1067D000000000000000F041000020418FC2F53DA4
:1067E0000000C642EC51383FFFFF5FC0703D2A00F9
:1067F0008FC235C0C2F528002DE9F0410E46069D36
:1068000018700021596019815981197301210527D8
:1068100030381C46072844D2DFE800F00404222563
:10682000222C2200062A01D0297038E0304600F0E0
:10683000C9FE6060B188A0F1640240F65533218141
:106840009A420BD26422B0FBF2F302FB130028B988
:106850000A390A2902D80120BDE8F0812F701EE014
:10686000002AF8D0E0E7012ADED130782073022830
:10687000F4D8F0E7072AD7D1304600F0A3FE6060D5
:10688000B1886181084BB279401E22739842E5D2EB
:1068900041F288308142E1D8022ADFD8DBE70020CC
:1068A000DAE704202870FAE780841E0070B50446F9
:1068B000FDF77CF9FAF79CFA0020FEF7E3FB0421D0
:1068C0004D48FCF75BFB04214B48FCF777FB217B31
:1068D0004948FCF78FFC01214748FCF705FC60683C
:1068E000FAF7FAFB28B1444861680C304068FAF7BF
:1068F0000BFC658941F63800854200D905463F49C1
:106900006068884259D8002D57D0207B012806D0D6
:1069100002280BD02846FEF747FB39A13BE04FF495
:10692000FA712846FEF778FB37A134E0DFED381A1C
:10693000384A00204FF07C53F7EE002AB1EE001ADF
:10694000B0EE083AB6EE002A00EE100AB8EE400AA1
:1069500060EE210A10EE901A994204DAB0EE620A53
:1069600010EE810A03E0B0EE430A00EEC10A00EE29
:10697000905A02EB8001401CF8EE600A402860EE5D
:10698000820A20EE800A81ED000ADDD340212148F1
:10699000FEF7B0FB20A11848FCF76DFD60684FF4CE
:1069A0007A71A0FB0101FEF727FC0120FEF76AFBCC
:1069B00029461148FCF784FD18E0FAF78DFB002802
:1069C0004FF0000008D0FEF75DFB40F6AC510A48DE
:1069D000FCF776FD11A106E0FEF754FB0021064806
:1069E000FCF76EFD10A10448FCF745FDBDE87040C2
:1069F000042000F033BF00004C940020400D030041
:106A000053494E450000000035302E30202500004F
:106A10000000803C349300205452490046504741C6
:106A2000204F5554000000004F5554204F4620522F
:106A3000414E47450000000030B50D460A4689B07A
:106A4000044601466846FCF77DFFFDF7AFF8FAF70C
:106A5000CFF90020FEF716FB214805EBC50101EB3D
:106A6000051144614FF6FF72058102EA81014181FF
:106A70000121C170BDF8182029462046FFF7B8FD56
:106A800001211848FCF730FB16482A460C302146F5
:106A90004068FAF769FB0546BDF8180041F6380171
:106AA000884209D8FEF780FA4FF47A70A4FB0001FF
:106AB000FEF7A2FB012000E00020FEF7E3FA15F04C
:106AC000FF0F02D0C5F3072040B107A10548FCF72E
:106AD000ADFC012000F0C2FE09B030BD05A1F5E714
:106AE000180000204C940020465047412B4A5F4F2D
:106AF0005554000031373030487A3A555345204AD2
:106B00005F4F55540000000070B50546FDF77AF858
:106B100004460020FEF7B6FAFDF748F81149FF20B9
:106B2000C87103211048FCF729FA03210E48FCF72D
:106B300045FA29460C48FCF75DFB01210A48FCF7A1
:106B4000D3FA00F055FB02461CB1207808B120466C
:106B500000E000202946FAF7A7FABDE870400320BC
:106B600000F07CBE180000204C94002010B50020DE
:106B7000FEF788FAFAF73CF90E49FF200871022166
:106B80000D48FCF7FBF902210B48FCF717FA0BA2A2
:106B900000210948FCF722FE01210748FCF7A4FA6E
:106BA00000F026FBFDF744F9BDE81040022000F09C
:106BB00055BE0000180000204C9400205357454556
:106BC0005020316B2D35306B487A000010B500F045
:106BD0004FFE00210348FCF787FABDE8104000F0A3
:106BE000F7BC00004C9400201FB5154C23E015485D
:106BF000A178415CA078401C00F03F00A0701148D3
:106C00006A463838FCF75AF9012802D0022812D116
:106C100003E0684600F094F90DE0A089401CA081D3
:106C2000207840B907483838FCF746F906A100F546
:106C3000885000F05DF8A07861788842D7D11FBDF8
:106C4000180000206C940020484D49204652414DC8
:106C5000450000002DE9FF478246DDE90E04DDE92D
:106C60000C561F469046894608B942F2A914CDE950
:106C70000054504600F0C2F80DF1040C4FF6FF70BE
:106C800000958CE851003B4642464946504600F08C
:106C900003F8BDE8FF870000F0B5AFB00DF1D00CF0
:106CA00004469CE8E1000092CDE901300DF10C0CA6
:106CB0000B468CE8E00005A2A02106A8F9F756FBD8
:106CC00006A9204600F098FC2FB0F0BD78737472CE
:106CD0002025752C25752C25752C25752C312C25FA
:106CE000752C25752C312C312C312C22257322004A
:106CF00070B50C46054600F0BBFD00F069FC22466D
:106D00002946BDE870400148FCF7F0BC4C940020D7
:106D10002DE9F0431D462DED048BBFB01646DFED87
:106D2000238A0F46B0EE609AF0EE409A8146B0EEAC
:106D3000688A00244FEA0D0806EB8400B0EE491A79
:106D400090ED000AF0EE690A4846FFF767FCFEF78F
:106D500025FD07EB840008EB8401D0ED000A641CDC
:106D6000404630EEC00A3E2C81ED000A70EE288AC3
:106D7000E2D300219FED0E0AC8EE800A00EB8102EB
:106D8000491C92ED000A3E2970EE601A01EEA18ABC
:106D9000F4D385ED008AC5ED019A85ED029AC5ED23
:106DA000030A3FB0BDEC048BBDE8F0830000000097
:106DB0000000784282B0CDE9000121F0004001904E
:106DC0009DED000B02B051EC100B70470349888019
:106DD00003200870002048707047000074000020F5
:106DE00010B504460020FEF74DF9034904208C80BD
:106DF00008700020487010BD8C00002030B595B0A0
:106E00000446DDE9180500920395CDE901300B46F3
:106E100005A2402104A8F9F7A9FA04A9204600F028
:106E2000EBFB15B030BD000066696C6C2025752C3D
:106E300025752C25752C25752C2575002DE9F04F11
:106E400098462DED068B85B0B0EE619AB0EE418A82
:106E5000DDE91467F0EE609A91468A468346FEF7B4
:106E60009DFCF0EE408AB0EE690AFEF797FCF0EE6A
:106E7000409AB0EE480AFEF791FCB0EE408AB0EEC0
:106E8000490AFEF78BFCB0EE409A9FED2C0A0025D4
:106E900087ED000A4AE000BF00EE105A79EEE80ADA
:106EA000A8F10100B8EE400A60EE800A00EE100A78
:106EB000B8EE401A80EE810A30EE280AFEF7F8FAA2
:106EC000B0EE40AA00242EE000EE104A79EE480A07
:106ED000701EB8EE400A60EE800A00EE100AB8EEAE
:106EE000401A80EE810A30EE080AFEF7E1FAF0EE71
:106EF000400A6B464A465146B0EE4A0A5846FFF7EA
:106F000007FF9DED000AD7ED000AB4EEE00AF1EEAE
:106F100010FA07D201A890E80E00381D87ED000A8C
:106F200080E80E00641CB442CED36D1C4545B3D33B
:106F300005B0BDEC068BBDE8F08F0000CAF24971C8
:106F400010B50446007888B0303807284BD2DFE807
:106F500000F0041A2126322C370022896846616825
:106F6000FCF7F0FC244A6068506121891181BDF86A
:106F70001820FFF73DFB00212048FCF7B5F800F092
:106F800027FB08B010BD2189606808B0BDE810403B
:106F9000FFF752BD08B0BDE81040FFF7E7BD207B0A
:106FA00008B0BDE81040FFF7AFBD08B02046BDE80F
:106FB0001040FFF77BBC08B0BDE81040FFF706BEED
:106FC00000F056FC00210D48FBF7D8FF00210B48CC
:106FD000FBF7F4FF00210948FCF786F808B0BDE88C
:106FE000104000F0F5BA08B005A1BDE8104041F22C
:106FF0000100FFF77DBE0000180000204C94002027
:1070000042414420434D4400024A1268002A00D005
:10701000104770475894002086B0FBF763F8FDF7DF
:107020005FFDFCF7E7FFFCF7BFFFFDF787F8FDF713
:10703000A1F8FDF72FF8FDF75FF8FCF721FFFCF74B
:1070400063FFFCF793FFF9F7ABFE1422074968468C
:10705000F9F741FB6846FAF7C3F8F9F793FD00BF6B
:10706000F9F786FDFAF70CF9FAE70000488A0008FC
:107070002DE9F04707462DED088B00201E4691466E
:1070800088469FED429B044630EE60BAB0EE498AD6
:10709000F0EE698A70EE20AA0125186045E000BF75
:1070A00007EB450131F8021C00EE101A37F81510F5
:1070B000B8EE40AA00EE101AB8EE400AB4EECBAA21
:1070C000F1EE10FA01D2012000E068B3B4EEEAAAB2
:1070D000F1EE10FA28D2B4EEEA0AF1EE10FA23DB50
:1070E00030EE4A0A10EE100A01F0F2FB3AEECA0A3C
:1070F00041EC180B10EE100A01F0EAFB53EC182BD0
:1071000000F02CFE41EC180B681E00F0F3FF53EC6E
:10711000182B00F06FFD41EC180B1CB9B0EE489A2B
:10712000F0EE689A0020641C6D1C4545B8D3022C13
:1071300006D353EC192B51EC180B00F0EFFF05D8D8
:107140009FED140ABDEC088BBDE8F087601E30602F
:1071500053EC192B51EC180B01F0D0FA41EC190B40
:10716000484600F0C7FF41EC180B601E00F0C2FF5C
:1071700053EC182B01F00EF853EC192B00F0EEFD38
:1071800000F006FD00EE100ADCE700000000000041
:107190000000F0BF000000009FED101A1149C0EE82
:1071A000010A9FED0F0A30EE800AB5EEC00AF1EE3B
:1071B00010FA02D29FED0C0A05E010EE100A884288
:1071C00001DD9FED0A0AF6EE000A30EE200ABCEE61
:1071D000C00A10EE100A80B2704700000040CE3F97
:1071E0000000004500F07F450000000000F07F45F2
:1071F00002488068002800D000477047589400205B
:107200002DE9F8438046F9F71DFEF9F75DFF0446C6
:10721000042815D0354FB969A8EB0100B0F5C87F37
:1072200002D2F879844240D0022C01D0032C3CD108
:10723000F9F7FAFD0546F9F731FF060007D010E02F
:10724000F9F7E2FDBDE8F84329A1FFF751BD95ED3F
:10725000050AF6EE000A30EE200ABCEEC00A10EE77
:10726000106A288BFDF7E4FBA97E01291FD00229B3
:107270001FD003291FD004291FD020A2009095ED14
:10728000020A3146BCEEC00A10EE100A83B21C4856
:10729000FCF744F9022C12D000231A4619A1184811
:1072A000FCF7C2F9FC71C7F81880BDE8F8831AA290
:1072B000E4E71BA2E2E71CA2E0E71DA2DEE7FCF781
:1072C000A1FC0646F9F7B4FD0546707800F028FCED
:1072D000014600232A460A48FCF7A6F9F879022855
:1072E000E0D001210648FBF7FFFEDBE71800002095
:1072F000454D5520494E5055540000002D2D00009D
:107300004C9400204D4F44454C3A4E4F54204C4530
:1073100041524E4544000000D5FDCFD20000000090
:10732000BED8D0CE00000000C8FDBDC700000000E0
:10733000C6E4CBFB00000000144910B5C968002961
:1073400023D0134C226A821A1E2A1ED32062884739
:10735000A179A07120EA0101480703D5BDE81040DA
:10736000FFF734BCC80703D0BDE81040FFF7FEBBF1
:1073700088070AD52078002807D16069002804D042
:107380002189BDE81040FFF757BB10BD589400207D
:10739000180000207CB50546FCF74EFCFCF76AFDA2
:1073A000012814D0022829D003285DD1FCF716FC4F
:1073B000A0F50451023908D02CA400BFFCF70EFC44
:1073C0002146BDE87C40FFF793BC2BA4F6E7FCF711
:1073D0001DFC04462E4801798C4245D08169691A0A
:1073E000962941D385610471FCF7EAFB02B021467E
:1073F000BDE8704002462748FCF7CCB9FCF702FC18
:107400000446407800F08CFBB6EE000AD4ED061A74
:10741000DFED210AB0EE401A014601EEA01A00206D
:10742000BCEEC11A8DED001A0190D4ED051AB0EE34
:10743000401A01EEA01AFCEEC10A10EE900AD4ED3B
:10744000040A83B230EE800ABCEEC00A10EE100AC5
:1074500082B21048FCF722FA02210E48FBF744FEE4
:10746000BDE87C4000F0B4B87CBD00004C45415202
:107470004E204641494C0000524553455420465049
:1074800047412028446576656C6F70312900000003
:10749000180000204C94002000007A442DE9F04FA1
:1074A0009B462DED068B81B09246B0EE40AA0F466A
:1074B00080464FF6FF7500249FED409B2646B0EEB8
:1074C000498AF0EE698A10E038F81600A84200D226
:1074D0000546A04200D9044600F00CFE53EC192BDF
:1074E00000F088FB41EC190B761CBE42ECD3384609
:1074F00000F000FE41EC100B8146009153EC102B84
:1075000051EC190B00F02AFC41EC190B002614E099
:1075100038F8160000F0EEFD53EC192B01F0EEF8F0
:1075200041EC100B53EC102B00F034FE53EC182BF5
:1075300000F060FB41EC180B761CBE42E8D300EE75
:10754000105A1AEE100AB8EE400A20EE0A0A8AED26
:10755000000A00EE104AB8EE400A20EE0A0A8BED4F
:10756000000A01F0B5F953EC192B00F013FE00F0FE
:107570000FFB109908601AEE100A01F0A9F941EC0E
:10758000190B009941EC109B51EC180B53EC102B8C
:1075900000F0E4FB41EC100BFEF7E2FA53EC192B80
:1075A00051EC100B00F0F6FD00F0F2FA11990860B2
:1075B00001B0BDEC068BBDE8F08F000000000000BC
:1075C00000000000C178006861F31F607047000090
:1075D000024800210170016170470000180000207E
:1075E00010B50C46030004D01146204698470120F0
:1075F00010BD002010BD000070B504000D4613D072
:107600002068002810D0002D0ED00846F9F744F865
:10761000D4E9003281B228469847D4E90032BDE867
:10762000704003210148184770BD00005C8A0008C3
:1076300010B510EE100A01F04BF99FED091B53EC49
:10764000112B00F0A7FD9FED081B53EC112B00F050
:10765000D1FA01F0B9F9BDE81040FDF7CDBD000049
:107660000000000000408F40000000000000E03FEC
:107670002DE9F05F04462DED0E8B90ED010ADFED54
:10768000610A60EE200A9FED600A80685F49F0EEB3
:10769000408A4FF00008884201DD012000E0002010
:1076A00084ED040A84ED050A814684ED060A00266D
:1076B000DFED57BADFED57AA9FED57CA20EEA0AA1B
:1076C000DFF858A1DFF858B1F7EE00DA9FED55EA80
:1076D000DFED55CA36B1B9F1000F01D0002702E045
:1076E000012700E04F46002500EE105AF8EE400A50
:1076F000B0EE6A0A00EEAB0A20EE0C8A2AEE080A07
:10770000CDEE809A88EE290AFEF767FAD4ED020AD8
:1077100017B120EE809A01E080EE209A19EE900ACF
:1077200000EB0A0159453AD2404919EE100A0844C3
:107730003F49884233D2DFED3F0A88EE200AFEF748
:107740002DF8DFED3D0AB0EEC0BA89EEA00AFEF7D3
:1077500025F8DFED3A0AB0EEC0DA89EE200AFEF72E
:107760001DF87BEE0D0AB0EEC00AB8F1000F30EE46
:10777000800AB1EE400A04D0B4EEE80AF1EE10FA45
:107780000DDDF0EE408A28EE0E0A4FF0010884ED80
:10779000050A29EEAC0A84ED060A84ED049A6D1CF4
:1077A000602DA1D9761CF6B2022E06D2B8F1000FD8
:1077B00090D0BDEC0E8BBDE8F09FB8F1000FF8D172
:1077C000DFED1F0A2AEE200A8DEE808A80EE880AFD
:1077D000FEF703FADFED1B0AB9F1000FC4ED050A4D
:1077E00068EE2C0AC4ED060A04D0D4ED020A60EE5D
:1077F000800A03E094ED021AC0EE010AC4ED040A07
:10780000D7E70000DB0FC940000000006666863F36
:10781000CDCCCC3D3333733F6F12833A8FCADCCD6E
:10782000EC46BE0100007A44286B6E4E008092BB8D
:107830000190B60101184F3B91B8073300804545D0
:10784000D044583B33335340012202490248FBF7EE
:10785000B9BA00003C000020B000002010B5034C75
:107860002070FFF7C5FC206110BD0000180000204B
:1078700010B50020FDF706FCFCF798F9F9F7B8FA07
:1078800002484068BDE81040F9F7A8BC58940020B1
:1078900000EBC00101EB00104FF47A7101EB8000A6
:1078A00000EE100AB8EE400A704700002DE9F04FD4
:1078B0002DED0A8B83B0B0EE409ADFED8E0A80EE9C
:1078C000890ABCEEC00A10EE104A402C01D94024AF
:1078D00001E004B901249FED88AA88480021F0EE58
:1078E0004A8A4FF4806500BF00EB8102491C92ED8B
:1078F000000AA94270EE288AF6D39FED81BA0021D2
:1079000028EE8B0A00EB8102491CD2ED000AA94245
:1079100070EEC00AC2ED000AF4D37A4E2246A6F5F4
:107920008273AB46294675480096FCF7C5FF734D38
:10793000B0EE4A8A203DF7EE008AA87EF0EE00AA5B
:10794000022816D1288BFDF773F800EE100AB8EE66
:10795000401ADFED6D0A81EE200AD5ED020AB6EE7F
:10796000001A20EE811AF0EE680A50EE2A0A21EE83
:10797000208ADFF898A102AA01A9B0EE4A0ADAF833
:107980000800FCF775FD9DED010A0125DFF88091E7
:1079900068EE00CA53E000BF00EE105A09EB8508FC
:1079A00006EB8507B8EE400AD8ED00BA97ED008ADD
:1079B00002AA29EE00CA01A9DAF80800B0EE4C0AC2
:1079C000FCF756FD9DED010ADDED020A20EE000AEE
:1079D00000EEA00AFEF701F9F0EE409AB0EE4C0A74
:1079E000DAF80800FCF7E6FC19EE900A4949F0EED7
:1079F000400A884212DDF5EEC00AF1EE10FA0DDD04
:107A000080EEA90ADDED010A60EE800ACDED010AE3
:107A1000DDED020A20EE800A8DED020A9DED010ADD
:107A2000DDED020A6D1C2BEE801A08EE601A6BEE7B
:107A3000A00A48EE000A88ED001AC7ED000AA54228
:107A4000AAD9354F0020594607EB8002401CC2EDF1
:107A500000CA8842F8D30125D8463FE000EE105A0C
:107A6000DFED2E0AB8EE400A20EE200A20EE0B8A47
:107A7000B0EE480AFDF774FCF0EE409AB0EE480A0A
:107A8000FDF7A6FF09EB8500B0EE689AD0ED001A6D
:107A900006EB8500B0EE4A8A90ED001A00204246BF
:107AA00061EE890A07EB8001F0EE482A91ED002A89
:107AB00041EE480A401C904200EEAA2A69EE290ACB
:107AC00081ED002A29EE002A48EE400AB0EE428AF3
:107AD00002EEA98AB0EE609AE2D36D1CA542BDD930
:107AE00041460D48FDF706FB03B0BDEC0A8BBDE82F
:107AF000F08F000080B6E6480000000084E6002019
:107B00000000803A8807012000007A448C000020A1
:107B1000840601205F70893084F60020DB0FC940A5
:107B2000012807D0022807D0032807D0042807D04F
:107B300004A0704704A0704706A0704708A07047D3
:107B40000AA070473F000000B5CDCDA8204C50469C
:107B500000000000B8DFCDA820485046000000001B
:107B6000B4F8CDA82042504600000000B4F8D7E891
:107B7000204253460000000081F00041704780F031
:107B80000040704721F00041704720F000407047EE
:107B900021F00042A2F16052B2F5801F01F00043D3
:107BA00028BFD2F17F6C0BD95FEA001C43EAC20206
:107BB00042EB507018BF704728BF20F0010070479B
:107BC000B2F5801FBCBF184670474FEA410C1CF548
:107BD000001F02D2084600F0F1BE70B500F084FB31
:107BE00000000089FFF7F6BF4FF00040A0F58000CD
:107BF0007047000010B591EA030F48BF83F00043BF
:107C000000F18485841A71EB030C05D2121943EB41
:107C10000C03001B61EB0C01DFF824E14FEA115467
:107C2000A4EB135C1EEA430F18BF9EEA445F73D0B7
:107C300023EA0E03DCF1200E21EA045143F4801301
:107C400032D322FA0CFE10EB0E0023FA0CFE41EBAD
:107C50000E01CCF1200E03FA0EFE10EB0E0051F1D6
:107C60000001B1F5801FCCF1200E32D201EB04519E
:107C700012FA0EF2BDE8104058BF7047401C38BFE2
:107C80005FEA420218BF7047002814BF20F00100CD
:107C900041F100014FEA410313F5001F38BF70475F
:107CA000A1F1C04100F016BC012A43EB0302ACF184
:107CB000200CDCF11F0E32BF4FF0000E23FA0CF344
:107CC00010EB030041EB0451B4EB115FD0D0A1EBFA
:107CD000045101F5801149085FEA300001EB0451BD
:107CE0000ED350F1000038BF12FA0EFE08D1BDE8E5
:107CF0001040C9E7401C38BF5FEA4202CAD1C3E75F
:107D0000BDE810404FEA410313F5001F38BF70472C
:107D1000A1F1C04100F0DEBB9EEA445F08D011EA49
:107D20005E0FBDE8104004BF01F000410020704725
:107D3000BDE8104070B500F0D7FA00BF64FBBE3E4E
:107D40000000E0FF491058BFC1F140415B1058BF2F
:107D5000C3F140438B42EFF3008070472DE9C041EF
:107D600030B4DFF8A0C23CEA111418BF3CEA131487
:107D700000F0EC8081EA03051CEA111444EAD57492
:107D800018BF1CEA131500F0C780A4EB05044FF0E0
:107D9000004545EAC12145EAC32341EA505143EA7F
:107DA000525304F17F74994204F500344FEAC02025
:107DB0004FEAC22208BF904200F09C804FEA136550
:107DC0000FF24016765D4FEA134506FB05F7C7F143
:107DD000807706FB07F74FEAD737A7FB03687642A1
:107DE000C8F58038A7FB06CE38BFA8F1010807FB0D
:107DF00008E64FF0000EA6FB028CE6FB03CEDCF19A
:107E0000000CCEF1004E38BFAEF1010EA6FB0C58AF
:107E10004FF000074FF00005E6FB0E87A1FB08C6F8
:107E2000A0FB07CE16EB0E0645F10005E1FB07654A
:107E300015F1E04E7EBFA4F580345FEA46066D4141
:107E400016F1800745F100054FEA17274FEA06664D
:107E500047EA0567A6F1DE46B6F1805F4FEA1525D1
:107E60001FD9384624F0010C05EBC471BCF1FE6F3C
:107E700001EB0C1102D8F0BCBDE8008124425CBFCC
:107E800001F5801E9EEAC47F02D4F0BCBDE80081EB
:107E9000244238D4F0BCA1F1C041BDE8004100F05B
:107EA00019BB4FEAD22242EA43524FEAD323A7FB3F
:107EB00002864FEAD02040EA415007FB03661EEAE3
:107EC0000E0F4FEAD12105FB026658BFA6EB005604
:107ED000B6EB00564FEA520E4EEAC37E18EB0E0E7A
:107EE00056EB530EBDD518EB02085E417F1C55F1D1
:107EF0000005B6E74FF480154FF000074FF000067D
:107F00004FF00008ADE7F0BC4FF0000001F1C041B8
:107F100001F00041BDE8008111EA0C1F0CEA1315C5
:107F200000D00CE013EA0C1F00F025804FF0000099
:107F3000F0BC81EA030101F00041BDE80081F0BC22
:107F4000BDE8004181EA030100F0C4BAF0BCBDE81D
:107F5000004170B500F0C8F9097EFC3E00F007B89A
:107F600081EA03014FF0000001F00041704781EA0F
:107F7000030100F0AFBAF0BCBDE800414FF00000D3
:107F800021497047FFFDFBF9F7F5F4F2F0EEEDEB58
:107F9000E9E8E6E4E3E1E0DEDDDBDAD8D7D5D4D307
:107FA000D1D0CFCDCCCBCAC8C7C6C5C4C2C1C0BF53
:107FB000BEBDBCBBBAB9B8B7B6B5B4B3B2B1B0AF59
:107FC000AEADACABAAA9A8A8A7A6A5A4A3A3A2A13D
:107FD000A09F9F9E9D9C9C9B9A99999897979695F8
:107FE00095949393929191908F8F8E8E8D8C8C8B94
:107FF0008B8A89898888878786858584848383821C
:10800000828181800000FF070000F87F4FEA410372
:108010004FEA5353A3F58063D3F11E03C8BFD3F1D6
:10802000210C0CDD4FF0004242EAC12242EA5052DC
:1080300032FA03FC8CEAE17CACEBE1707047102B68
:10804000C4BF0020704703F5787CBCF1FF3F04D02B
:108050006FF0004282EA2100704770B500F044F9E9
:108060004992248000207047F2E700004FEA115344
:10807000A3F58063D3F11E03A8BFD3F1200C08DB66
:108080004FF0004242EAC12252EA505232FA03F063
:10809000704709420BD4102BC4BF0020704703F572
:1080A000787CBCF1FF3F05D04FF0FF3070474FF0B8
:1080B0000000704770B500F017F900BF49922480A6
:1080C00000207047F0E710F0004248BF4042B0FA8D
:1080D00080F310FA03F10AD0C3F11D0303F58063A6
:1080E0004FEA415002EB035202EBD12170474FF0AF
:1080F00000007047B0FA80F310FA03F10AD0C3F120
:108100001D0303F580634FEA41504FEA035202EB2F
:10811000D12170474FF000007047000051EA030C76
:1081200017D41CF5801F58BFBCF5801F00F10680D6
:10813000994218BF704708BF9042704707D711F5A2
:10814000801F58BF13F5801F19D499427047894288
:1081500070471CF5801F08D5BCF5801FF7D58B42F2
:1081600018BF704708BF824270474FF4001C1CEBD9
:10817000410F38BF1CEB430F01D28B42704770B5E3
:1081800000F0B2F8922449004FF000514FF08053B4
:10819000FFF7D8BDDFF848C170B51CEA111E1EBF3D
:1081A0001CEA13159EEA0C0F95EA0C0F00F06F8085
:1081B00081EA030423EA4C134EEAD47E21EA4C11EF
:1081C00041F4801143F48013AE44A1FB024CA0FBA8
:1081D0000365AEF17F7E361955EB0C05A1FB034C10
:1081E0004CF10003A0FB021C16EB0C06654153F199
:1081F0000003094218BF46F0010613F4007F0BD1BB
:108200004FEA03314FEA0530340341EA155140EAA1
:1082100016506FF003020AE04FEAC3214FEAC5206F
:10822000F40241EA555140EA56506FF0020202EB67
:108230002E4201EB025585EACE710AD05FEA440C6A
:1082400018BF24F0004450F1000041F1000120EA81
:10825000D47040F2FE7C624500D270BDA84214BFCB
:108260004FF080444FF04044002E08BF0024BEF180
:10827000806FA8BFA1F1C041BDE8704080F22A81A3
:108280004FF0000001F1C04101F0004170479EEA4B
:108290000C0F0CEA131518BF95EA0C0F06D04FF01F
:1082A000000081EA030E0EF0004170BD00F01CF8E2
:1082B0008900013E00F007B800F009B84FEA430C0E
:1082C0005FEA5C5C08D081EA030100F003B94FEA81
:1082D000410C5FEA5C5CF6D14FF000000149704749
:1082E0000000FF070000F87F0EF1020E2EF0030ED3
:1082F0005EF8046B364205D4012A43EB030515F5FD
:10830000001F12D8012841EB010C1CF5001F0CD8EE
:108310000ED14FEAD17C15F5001F0CEB4C0C0CF183
:10832000020C08BF4CEBD37C04E04FF0080C01E0DA
:108330004FEAD37C0CEB4C0526FA05F606F007064F
:10834000B6F1040C06D20EEB860CBDE870404CF082
:10835000010C6047DFE80CF0090B02024FF000410E
:108360004FF00000A1F5002170BD1946104601280C
:1083700051EB010418BFD4F5001484BF002001F0B4
:10838000004170BDDFF844C170B53CEA111418BF5C
:108390003CEA131500F08F8011F1004F1CEA131511
:1083A0000CEA111468BF45F0050518BF11EA0C1F4F
:1083B00000F079802E4621EA4C1123EA4C1341F457
:1083C000801143F48013A5F58035AC423DDD801A61
:1083D0009941A4F5803609D54042C1F1000134BF6E
:1083E000B1F10101B1F1000185F0010511F4F01FB7
:1083F00008D011F4801FE8D1400041EB0101A4F541
:108400008034F6E721F00041B1FA81F6202E04BF56
:10841000B0FA80FE0EF12006A6F10B06B6F1200E92
:10842000A4EB06440CD2C6F1200E01FA06F120FAA4
:108430000EF641EA0601CEF1200600FA06F003E04E
:1084400000FA0EF14FF00000BFE750EA410E23D0D2
:108450004FEA244EBEEB254F0FDB994208BF9042F6
:1084600004D00AD3520043EB0303B0E74FEA1646A9
:10847000B6EB144F08BF85F00105B4F5803401EB6D
:10848000041181EAC57100DB70BD01F1C0414FF0FC
:10849000000001F0004170BD4FEA45714FF000004F
:1084A00001F0004170BD1CEA131F09D04FF000001D
:1084B00001F0004170BDFFF717FF00BFEDFFFF3E69
:1084C000BDE870404FF00000014970470000FF0711
:1084D0000000F87F0808A0F500114FEA310170474D
:1084E00053EA010C17D41CF5801F58BFBCF5801F40
:1084F00000F106808B4218BF704708BF8242704768
:1085000007D713F5801F58BF11F5801F19D48B4270
:1085100070479B4270471CF5801F08D5BCF5801F33
:10852000F7D5994218BF704708BF904270474FF483
:10853000001C1CEB430F38BF1CEB410F01D29942CA
:1085400070470FB40CBC03BCFFF719BE91EA030FD0
:1085500010B581F000413FF555AB83F0004300F0CA
:10856000D5B800002DE9F04101F5801CBCF5001FD5
:10857000C0F2A9804FEA115C21EA0C510CF1FD0C0C
:1085800041F480115FEA5C0C0CF5C07C01D3400023
:10859000494130A4890241EA905187028E0E0A0CAB
:1085A000A45D04FB04F602FB06F6C6F14046A4FBFC
:1085B0000662F60D46EA422606FB06F4A4FB0123FA
:1085C0005242C3F1404338BF5B1EA6FB0242002467
:1085D000E6FB0324D20B42EA4446A6FB0623A1FB9A
:1085E00002E2A3FB07E4E3FB61426442C2F1404EB6
:1085F00038BFAEF1010EA6FB04234FF00002E6FBEC
:108600000E32A2FB03463400E2FB6264A1FB06E6E5
:10861000A4FB07E8E4FB61687642C8F1405838BF24
:10862000A8F10108A2FB06E4A3FB08E5E2FB6854FD
:10863000A1FB05E6A7FB04E8E1FB648618F1200531
:1086400056F10006A809A8F11B08B10908F03F0877
:10865000B8F10A0F40EA86601CD901EB0C51BDE865
:10866000F08100BFFCF5EEE8E2DDD8D3CFCBC7C385
:10867000C0BDB9B6B4B1AEACA9A7A5A3A19F9D9B3F
:108680009A9896959392908F8D8C8B898887868502
:1086900084838281A0FB006800FB01F208EB4208A2
:1086A000B8EB872807D5341858EB0104D5D5401C02
:1086B00051F10001D1E7341A78EB0104CDD4401E0A
:1086C00071F10001C9E75FEA4C0C5FEA9C5C0DD1D7
:1086D00005D34FF0000001F00041BDE8F081BDE896
:1086E000F04170B5FFF700FE6DDBFFBEBDE8F04165
:1086F0004FF00000004970470000F87F10B591EA84
:10870000030F48BF83F000433FF57CAA841A71EB46
:10871000030C07D212198CF0004C43EB0C03001B26
:1087200061EB0C01DFF8A4E14FEA1154A4EB135CF8
:108730001EEA430F18BF9EEA445F00F0B08023EAB0
:108740006E03524221EA0451C3EB6E0338BF5B1E35
:10875000DCF1200E25D322FA0CFE10EB0E0043FABA
:108760000CFE41EB0E01CCF1200E03FA0EFE10EBD5
:108770000E0051F10001CCF1200E29D412FA0EF2B4
:1087800001EB0451BDE8104058BF7047401C1CBFAE
:10879000B2F1004F704700280CBF491C20F00100C7
:1087A000704712EB020E43EB030218BF4FF0010EAD
:1087B0004EEA4202ACF1200CDCF11E0E54D943FA11
:1087C0000CFE10EB0E0051F1FF31CCF11E0ED5D591
:1087D0000EF1010E12FA0EFE404141EB010101EBD8
:1087E000445C5FEA5C5C10D910EBDE7001EB045175
:1087F00038BFBEF1004FBDE8104018BF70470028D9
:108800000CBF491C20F00100704730D24FEAD42C35
:1088100011F5001124F400641BD0B1FA81F20B3A77
:10882000A41AA41ED2F12003914030FA03F3194395
:10883000904001EBCC71002C01EB0451BDE81040DD
:10884000A8BF704701F1C0414FF0000001F00041A6
:108850007047B0FA80F310FA03F100D110BDE41AAA
:10886000173C4805C90AE4E701EB045110BD491063
:1088700001EB0451BDE810404FEA300002E04FF038
:10888000000170474A0008BF0042F8D0B2F5001F4F
:1088900028BF704701F000414FF0000070479EEA8A
:1088A000445F07D011EA5E0FBDE8104004BF00210D
:1088B00000207047BDE8104070B5FFF715FD00BF00
:1088C00040DFF63E83F00041104670470000E0FFB5
:1088D00043004FEAD30C4FEA3C0C43401FBF400714
:1088E0000CF1605113F0FE4F70471CF0006F03D184
:1088F00000200CF0004170470CF0004343EA507038
:1089000010B540EACC0000F00EF800BF0000009265
:108910004FEA0001FFF7DEBD4FF000414FF00000CD
:10892000A1F5002170470EF1020E2EF0030E5EF845
:10893000044B244204D44FEA4102B2F17F4F11D8D4
:108940004FEA4003B3F17F4F0CD80ED14FEAD07CF1
:10895000B2F17F4F0CEB4C0C0CF1020C08BF4CEB4E
:10896000D17C04E04FF0080C01E04FEAD17C0CEB25
:108970004C0324FA03F404F00704B4F1040C06D207
:108980000EEB840CBDE810404CF0010C6047DFE8B2
:108990000CF0070802024FF00040A0F5800010BD67
:1089A0000846420018BFD2F1807288BF00F0004034
:1089B00010BD4FF04070E1EE100A7047FF2141EA10
:1089C000D050C005704700004FEAC1230A1543EAA2
:1089D00050534FEAC02C18BF43F000431BD4A2F2FF
:1089E0004E02D2F57C72C0F22080502AA8BF5022DD
:1089F00023FA02F12CFA02F060B4D2F1200284BF13
:108A000003FA02F52843C2F100029CBF23FA02F5E3
:108A1000284360BC704701F1804212F5801F04DAE0
:108A20004FF000004FF00001704770B5FFF75CFC9D
:108A300049922480002001E06FEAE170014670470E
:108A40000006101600061016550B0008390B00081A
:108A5000C9200008E90A0008210B0008FFFFFF00F9
:108A6000A9212C2DFF2B4ADA2000C0006001000252
:108A7000A00240035A0100010101010102010103AA
:108A800001010401010501010601010701010801BD
:108A9000010901010A01010B01010C01010D010194
:108AA0000E01010F01011001011101011201011359
:108AB000010114010115010116010117010118013D
:108AC000011901011A01011B01011C01011D010114
:108AD0001E01011F010120010121010122010123C9
:108AE00001012401012501012601012701012801BD
:108AF000012901012A01012B01012C01012D010194
:108B00002E01012F01013001013101013201013338
:108B1000010134010135010136010137010138013C
:108B2000013901013A01013B01013C01013D010113
:108B30003E01013F010140010141010142010143A8
:108B400001014401014501014601014701014801BC
:108B5000014901014A01014B01014C01014D010193
:108B60004E01014F01015001015101015201015318
:108B7000010154010155010156010157010158013C
:108B8000015901015A01015B01015C01015D010113
:108B90005E01015F01016001016101016201016388
:108BA00001016401016501016601016701016801BC
:108BB000016901016A01016B01016C01016D010193
:108BC0006E01016F010170010171010172010173F8
:108BD000010174010175010176010177010178013C
:108BE000017901017A01017B01017C01017D010113
:108BF0007E01017F01018001018101018201018368
:108C000001018401018501018601018701018801BB
:108C1000018901018A01018B01018C01018D010192
:108C20008E01018F010190010191010192010193D7
:108C3000010194010195010196010197010198013B
:108C4000019901019A01019B01019C01019D010112
:108C50009E01019F0101A00101A10101A20101A347
:108C60000101A40101A50101A60101A70101A801BB
:108C700001A90101AA0101AB0101AC0101AD010192
:108C8000AE0101AF0101B00101B10001B20001B3B9
:108C90000001B40001B50001B60001B70001B80041
:108CA00001B90001BA0001BB0101BC0101BD010114
:108CB000BE0101BF0101C00101C10101C20101C327
:108CC0000101C40101C50101C60101C70101C801BB
:108CD00001C90101CA0101CB0101CC0101CD010192
:108CE000CE0101CF0101D00101D10101D20101D397
:108CF0000101D40101D50101D60101D70101D8013B
:108D000001D90101DA0101DB0101DC0101DD010111
:108D1000DE0101DF0101E00101E10101E20101E306
:108D20000101E40101E50101E60101E70101E801BA
:108D300001E90101EA0101EB0101EC0101ED010191
:108D4000EE0101EF0101F00101F10101F20101F376
:108D50000101F40101F50101F60101F70101F8013A
:108D600001F90101FA01024F01024E01024D010217
:108D70004C01024B01020001020101020201020347
:108D800001020401020501020601020701020801B5
:108D9000020901020A01020B01020C01020D01028B
:108DA0000E01020F01021001021101021201021351
:108DB0000102140102150102160102170102180135
:108DC000021901021A01021B01021C01021D01020B
:108DD0001E01021F010220010221010222010223C1
:108DE00001022401022501022601022701022801B5
:108DF000022901022A01022B01022C01022D01028B
:108E00002E01022F01023001023101023201023330
:108E10000102340102350102360102370102380134
:108E2000023901023A01023B01023C01023D01020A
:108E30003E0102400102410102420102430102449B
:108E400001024501024601024701024801024901AF
:108E5000024A010000404E3F00404E3F00404E3F5E
:108E600000000000000000000102030406070809DA
:108E7000000000000102030430313233343536374C
:108E8000383941424344454640305800303132334E
:108E9000343536373839616263646566403078004E
:108EA00004000008000000000000000200010000B3
:108EB000100000000000803F0030983F0000B53FE8
:108EC0000040D73F00000000320A7E397F661E391D
:108ED0005B991F390000803FF037983FF304B53F9E
:108EE000FD44D73F000000000030F13D0070643EBB
:108EF0000000A33E0090CF3E0090F83E00400F3FA0
:108F000000E0203F0000000015B78337CDE37B3839
:108F10000EE1C53860F69138AF5F0F38E1BC3E38DE
:108F200023F44739000000004C5555555555A53FD1
:108F30007751C1166CC156BF9015CB19A001FA3EEE
:108F4000AD529C804F7E92BEC4B1B4BD9EEE213E18
:108F5000D43888BEE9FAA8BD00004054FB21F93F8F
:108F60003163621A61B4D03D0000601A61B4D03D33
:108F70007370032E8A19A33B0000002E8A19A33BAD
:108F8000C14920259A837B390000000000000000C1
:108F90006E83F9A22915444ED15727FCC0DD34F564
:108FA000999562DB4190433CAB6351FE61C5BBDEEA
:108FB0003A6E24B7E0D24D42EA2E49061C92D109FE
:108FC0001CEB1DFE3EA729B1F53582E88444BB2E7B
:108FD00026709CE9417E5FB439D69139F4395383C8
:108FE0008B5F849C3B28F9BDFF97F81F0F9805DE27
:108FF0008B112FEF1F6D0A5ACF7E366DB709CB2725
:10900000663F464F2DEA5F9EC7BA27757BF1E5EBB9
:10901000F739073DEA92528AB15FFB6B085D8D1FFD
:10902000000000006E83F9A22915444ED15727FC99
:10903000C0DD34F5999562DB4190433CAB6351FE52
:10904000A6F810111111813FD561C119A0012ABFE5
:109050007DFEB157E31DC73EEB9C2B8AE6E55ABE69
:109060007CD5CF5A3AD9E53DB5C8D0A7000000005D
:10907000D1A7CFB000000000CAD7D2B300000000D3
:10908000BBF9B1BE00000000CDEAB3C9000000008A
:10909000B2A8D0CE00000000D4CBD0D0D6D00000F3
:1090A000B4EDCEF300000000B4FDBBFA00000000F8
:1090B000BDE1B9FB00000000D890000800000020CE
:1090C000B0000000C401000888910008B000002032
:1090D000401A0100E001000801000000100000003B
:1090E0000000000000000000000000000000000080
:1090F0000000000000000000000000000000000070
:10910000000000000000000000000000000000005F
:109110000000000000000000789000088090000827
:10912000709000086890000890900008B0900008C7
:10913000A89000089890000888900008A090000867
:10914000000000000000000000000000000000001F
:10915000000000000000000000000000000000000F
:1091600000000000000000000000000000000000FF
:1091700000000000000000000000000000000000EF
:08918000000000000024F400CF
:040000050800018965
:00000001FF
